地点番号,官署・名所,短期予報対応細分区域コード,///,さくら予想地点正式名称,都道府県,住所,緯度（10進法）,経度（10進法）,開花予想日,満開開始予想日,満開終了予想日,発表日,予想品種,,
1,官署,1400,///,札幌,北海道,北海道札幌市,43.060465,141.328879,4月24日,4月28日,5月5日,3月6日,ソメイヨシノ,,
2,官署,1100,///,稚内,北海道,北海道稚内市,45.415417,141.678251,5月6日,5月9日,5月16日,3月6日,エゾヤマザクラ,,
3,官署,1200,///,旭川,北海道,北海道旭川市,43.757709,142.37303,4月29日,5月1日,5月8日,3月6日,エゾヤマザクラ,,
4,官署,1710,///,網走,北海道,北海道網走市,44.017724,144.268888,5月5日,5月7日,5月14日,3月6日,エゾヤマザクラ,,
5,官署,1900,///,釧路,北海道,北海道釧路市,42.979225,144.398021,5月9日,5月13日,5月20日,3月6日,エゾヤマザクラ,,
6,官署,2000,///,帯広,北海道,北海道帯広市,42.922594,143.212117,4月28日,5月1日,5月8日,3月6日,エゾヤマザクラ,,
7,官署,2100,///,室蘭,北海道,北海道室蘭市,42.311561,140.974499,4月26日,5月1日,5月8日,3月6日,ソメイヨシノ,,
8,官署,2300,///,函館,北海道,北海道函館市,41.816911,140.753318,4月20日,4月25日,5月2日,3月6日,ソメイヨシノ,,
9,官署,3110,///,青森,青森県,青森県青森市,40.821914,140.76841,4月17日,4月21日,4月28日,3月6日,ソメイヨシノ,,
10,官署,3310,///,盛岡,岩手県,岩手県盛岡市,39.700504,141.151396,4月15日,4月19日,4月26日,3月6日,ソメイヨシノ,,
11,官署,3210,///,秋田,秋田県,秋田県秋田市,39.717883,140.099559,4月13日,4月18日,4月25日,3月6日,ソメイヨシノ,,
12,官署,3410,///,仙台,宮城県,宮城県仙台市,38.262161,140.897159,4月4日,4月9日,4月16日,3月6日,ソメイヨシノ,,
13,官署,3510,///,山形,山形県,山形県山形市,38.256153,140.345818,4月11日,4月15日,4月22日,3月6日,ソメイヨシノ,,
14,官署,3610,///,福島,福島県,福島県福島市,37.772052,140.469287,4月6日,4月10日,4月17日,3月6日,ソメイヨシノ,,
15,官署,4210,///,前橋,群馬県,群馬県前橋市,36.405576,139.060817,3月27日,4月4日,4月11日,3月6日,ソメイヨシノ,,
16,官署,4110,///,宇都宮,栃木県,栃木県宇都宮市,36.550043,139.867542,3月30日,4月6日,4月13日,3月6日,ソメイヨシノ,,
17,官署,4010,///,水戸,茨城県,茨城県水戸市,36.376428,140.47581,3月29日,4月6日,4月13日,3月6日,ソメイヨシノ,,
18,官署,4320,///,熊谷,埼玉県,埼玉県熊谷市,36.136211,139.384618,3月25日,4月3日,4月10日,3月6日,ソメイヨシノ,,
19,官署,4410,///,東京,東京都,東京都千代田区,35.694136,139.743849,3月21日,3月30日,4月6日,3月6日,ソメイヨシノ,,
20,官署,4520,///,銚子,千葉県,千葉県銚子市,35.730299,140.838182,3月30日,4月3日,4月10日,3月6日,ソメイヨシノ,,
21,官署,4610,///,横浜,神奈川県,神奈川県横浜市,35.439944,139.653375,3月22日,4月2日,4月9日,3月6日,ソメイヨシノ,,
22,官署,4810,///,長野,長野県,長野県長野市,36.662717,138.192691,4月11日,4月16日,4月23日,3月6日,ソメイヨシノ,,
23,官署,4910,///,甲府,山梨県,山梨県甲府市,35.667487,138.554019,3月28日,4月6日,4月13日,3月6日,ソメイヨシノ,,
24,官署,5010,///,静岡,静岡県,静岡県静岡市,34.976168,138.403655,3月27日,4月6日,4月13日,3月6日,ソメイヨシノ,,
25,官署,5110,///,名古屋,愛知県,愛知県名古屋市,35.168231,136.964793,3月24日,4月3日,4月10日,3月6日,ソメイヨシノ,,
26,官署,5210,///,岐阜,岐阜県,岐阜県岐阜市,35.406594,136.760643,3月25日,4月3日,4月10日,3月6日,ソメイヨシノ,,
27,官署,5310,///,津,三重県,三重県津市,34.733199,136.508172,3月29日,4月4日,4月11日,3月6日,ソメイヨシノ,,
28,官署,5410,///,新潟,新潟県,新潟県新潟市,37.883672,139.056754,4月7日,4月11日,4月18日,3月6日,ソメイヨシノ,,
29,官署,5510,///,富山,富山県,富山県富山市,36.709588,137.202381,4月6日,4月10日,4月17日,3月6日,ソメイヨシノ,,
30,官署,5610,///,金沢,石川県,石川県金沢市,36.589071,136.634181,4月4日,4月10日,4月17日,3月6日,ソメイヨシノ,,
31,官署,5710,///,福井,福井県,福井県福井市,36.055657,136.222669,4月5日,4月8日,4月15日,3月6日,ソメイヨシノ,,
32,官署,6200,///,大阪,大阪府,大阪府大阪市,34.686828,135.523394,3月27日,4月4日,4月11日,3月6日,ソメイヨシノ,,
33,官署,6020,///,彦根,滋賀県,滋賀県彦根市,35.276282,136.243655,4月2日,4月8日,4月15日,3月6日,ソメイヨシノ,,
34,官署,6100,///,京都,京都府,京都府京都市,35.01423,135.748218,3月27日,4月4日,4月11日,3月6日,ソメイヨシノ,,
35,官署,6310,///,神戸,兵庫県,兵庫県神戸市,34.711561,135.21506,3月30日,4月5日,4月12日,3月6日,ソメイヨシノ,,
36,官署,6410,///,奈良,奈良県,奈良県奈良市,34.694517,135.828578,3月27日,4月3日,4月10日,3月6日,ソメイヨシノ,,
37,官署,6510,///,和歌山,和歌山県,和歌山県和歌山市,34.187683,135.187576,3月27日,4月5日,4月12日,3月6日,ソメイヨシノ,,
38,官署,6710,///,広島,広島県,広島県広島市,34.399732,132.467483,3月25日,4月2日,4月9日,3月6日,ソメイヨシノ,,
39,官署,6610,///,岡山,岡山県,岡山県岡山市,34.660848,133.916372,3月27日,4月3日,4月10日,3月6日,ソメイヨシノ,,
40,官署,6810,///,松江,島根県,島根県松江市,35.458178,133.065438,4月1日,4月6日,4月13日,3月6日,ソメイヨシノ,,
41,官署,6910,///,鳥取,鳥取県,鳥取県鳥取市,35.507021,134.236949,3月31日,4月6日,4月13日,3月6日,ソメイヨシノ,,
42,官署,8110,///,下関,山口県,山口県下関市,33.948895,130.92696,3月27日,4月3日,4月10日,3月6日,ソメイヨシノ,,
43,官署,7200,///,高松,香川県,香川県高松市,34.318376,134.054217,3月27日,4月3日,4月10日,3月6日,ソメイヨシノ,,
44,官署,7110,///,徳島,徳島県,徳島県徳島市,34.068196,134.573681,3月28日,4月5日,4月12日,3月6日,ソメイヨシノ,,
45,官署,7310,///,松山,愛媛県,愛媛県松山市,33.843699,132.777594,3月26日,4月4日,4月11日,3月6日,ソメイヨシノ,,
46,官署,7410,///,高知,高知県,高知県高知市,33.557009,133.533648,3月22日,3月27日,4月3日,3月6日,ソメイヨシノ,,
47,官署,8210,///,福岡,福岡県,福岡県福岡市,33.582444,130.376418,3月24日,4月2日,4月9日,3月6日,ソメイヨシノ,,
48,官署,8310,///,大分,大分県,大分県大分市,33.236228,131.619668,3月26日,4月5日,4月12日,3月6日,ソメイヨシノ,,
49,官署,8410,///,長崎,長崎県,長崎県長崎市,32.733615,129.868115,3月25日,4月3日,4月10日,3月6日,ソメイヨシノ,,
50,官署,8510,///,佐賀,佐賀県,佐賀県佐賀市,33.26659,130.304763,3月25日,4月2日,4月9日,3月6日,ソメイヨシノ,,
51,官署,8610,///,熊本,熊本県,熊本県熊本市,32.782274,130.689813,3月24日,4月2日,4月9日,3月6日,ソメイヨシノ,,
52,官署,8710,///,宮崎,宮崎県,宮崎県宮崎市,31.932988,131.418092,3月23日,4月2日,4月9日,3月6日,ソメイヨシノ,,
53,官署,8810,///,鹿児島,鹿児島県,鹿児島県鹿児島市,31.554439,130.548618,3月24日,4月1日,4月8日,3月6日,ソメイヨシノ,,
54,名所,1200,///,旭山公園,北海道,旭川市,43.76611111,142.4791667,5月1日,5月3日,5月10日,3月6日,エゾヤマザクラ,,
55,名所,1200,///,ふうれん望湖台自然公園,北海道,名寄市,44.2825,142.5294444,5月7日,5月9日,5月16日,3月6日,エゾヤマザクラ,,
56,名所,1200,///,九十九山,北海道,士別市,44.18138889,142.4127778,5月4日,5月7日,5月14日,3月6日,エゾヤマザクラ,,
57,名所,1710,///,天都山桜公園,北海道,網走市,43.9975,144.2441667,5月7日,5月8日,5月15日,3月6日,エゾヤマザクラ,,
58,名所,1730,///,太陽の丘えんがる公園,北海道,紋別郡遠軽町,44.05583333,143.5158333,5月2日,5月3日,5月10日,3月6日,エゾヤマザクラ,,
59,名所,2000,///,帯広市緑ケ丘公園,北海道,帯広市,42.90027778,143.1894444,4月29日,4月27日,5月4日,3月6日,エゾヤマザクラ,,
60,名所,1900,///,別保公園,北海道,釧路郡釧路町,42.99138889,144.4630556,5月9日,5月13日,5月20日,3月6日,エゾヤマザクラ,,
61,名所,1800,///,清隆寺,北海道,根室市,43.32611111,145.5794444,5月11日,5月18日,5月25日,3月6日,エゾヤマザクラ,,
62,名所,1400,///,円山公園,北海道,札幌市中央区,43.05194444,141.3141667,4月22日,4月25日,5月2日,3月6日,エゾヤマザクラ,,
63,名所,1400,///,北海道立真駒内公園,北海道,札幌市南区,42.99388889,141.3480556,4月24日,4月27日,5月4日,3月6日,エゾヤマザクラ,,
64,名所,1600,///,小樽公園,北海道,小樽市,43.18527778,140.9969444,4月24日,4月27日,5月4日,3月6日,エゾヤマザクラ,,
65,名所,1500,///,栗山公園,北海道,夕張郡栗山町,43.06361111,141.7858333,4月25日,4月28日,5月5日,3月6日,エゾヤマザクラ,,
66,名所,1500,///,美唄市東明公園,北海道,美唄市,43.33833333,141.8991667,4月29日,5月1日,5月8日,3月6日,エゾヤマザクラ,,
67,名所,1500,///,芦別市旭ケ丘公園,北海道,芦別市,43.51583333,142.2061111,4月29日,5月1日,5月8日,3月6日,エゾヤマザクラ,,
68,名所,2300,///,五稜郭公園,北海道,函館市,41.79444444,140.7602778,4月20日,4月25日,5月2日,3月6日,ソメイヨシノ,,
69,名所,2300,///,青葉ヶ丘公園,北海道,茅部郡森町,42.1,140.5791667,4月23日,4月29日,5月6日,3月6日,ソメイヨシノ,,
70,名所,2100,///,苫小牧市緑ケ丘公園,北海道,苫小牧市,42.65055556,141.6044444,4月29日,5月2日,5月9日,3月6日,エゾヤマザクラ,,
71,名所,2100,///,登別温泉花のトンネル,北海道,登別市,42.46416667,141.1694444,4月29日,5月2日,5月9日,3月6日,エゾヤマザクラ,,
72,名所,3610,///,有珠善光寺自然公園,北海道,伊達市,42.52055556,140.7855556,4月26日,4月30日,5月7日,3月6日,エゾヤマザクラ,,
73,名所,2200,///,二十間道路桜並木,北海道,日高郡新ひだか町,42.38305556,142.4255556,4月28日,5月1日,5月8日,3月6日,エゾヤマザクラ,,
74,名所,2200,///,えりも町庶野さくら公園,北海道,幌泉郡えりも町,42.04166667,143.2958333,5月6日,5月11日,5月18日,3月6日,エゾヤマザクラ,,
75,名所,1500,///,奈井江町にわ山森林自然公園,北海道,空知郡奈井江町,43.42388889,141.9266667,4月30日,5月2日,5月9日,3月6日,エゾヤマザクラ,,
76,名所,1400,///,モエレ沼公園,北海道,札幌市東区,43.1225,141.4322222,4月25日,4月27日,5月4日,3月6日,エゾヤマザクラ,,
77,名所,2200,///,優駿さくらロード(西舎桜並木),北海道,浦河郡浦河町,42.19361111,142.8586111,4月30日,5月3日,5月10日,3月6日,エゾヤマザクラ,,
78,名所,2300,///,熊石休養村,北海道,二海郡八雲町,42.12805556,140.0086111,4月20日,4月26日,5月3日,3月6日,ソメイヨシノ,,
79,名所,2100,///,安平町鹿公園,北海道,勇払郡安平町,42.87138889,141.81,4月29日,4月30日,5月7日,3月6日,エゾヤマザクラ,,
80,名所,2300,///,さらんべ公園,北海道,二海郡八雲町,42.25472222,140.2594444,4月24日,4月30日,5月7日,3月6日,ソメイヨシノ,,
81,名所,2200,///,神楽岡公園,北海道,沙流郡日高町,42.88166667,142.4388889,4月29日,5月1日,5月8日,3月6日,エゾヤマザクラ,,
82,名所,1500,///,北竜町金比羅公園,北海道,雨竜郡北竜町,43.72833333,141.8591667,5月3日,5月5日,5月12日,3月6日,エゾヤマザクラ,,
83,名所,1900,///,春採公園,北海道,釧路市,42.97583333,144.4088889,5月8日,5月12日,5月19日,3月6日,エゾヤマザクラ,,
84,名所,1200,///,弥生公園,北海道,名寄市,44.33861111,142.3841667,5月7日,5月9日,5月16日,3月6日,エゾヤマザクラ,,
85,名所,2300,///,オニウシ公園,北海道,茅部郡森町,42.10111111,140.5727778,4月23日,4月29日,5月6日,3月6日,ソメイヨシノ,,
86,名所,2300,///,松前藩戸切地陣屋跡,北海道,北斗市,41.854361,140.619413,4月21日,4月27日,5月4日,3月6日,ソメイヨシノ,,
87,名所,2300,///,函館公園,北海道,函館市,41.755,140.7013889,4月23日,4月28日,5月5日,3月6日,ソメイヨシノ,,
88,名所,3110,///,猿賀公園,青森県,平川市,40.61472222,140.5677778,4月18日,4月22日,4月29日,3月6日,ソメイヨシノ,,
89,名所,3130,///,八戸公園,青森県,八戸市,40.47083333,141.5166667,4月15日,4月18日,4月25日,3月6日,ソメイヨシノ,,
90,名所,3130,///,十和田市官庁街通り(駒街道),青森県,十和田市,40.60944444,141.21,4月18日,4月22日,4月29日,3月6日,ソメイヨシノ,,
91,名所,3130,///,いちょう公園,青森県,上北郡おいらせ町,40.60583333,141.4413889,4月13日,4月17日,4月24日,3月6日,ソメイヨシノ,,
92,名所,3110,///,東公園,青森県,黒石市,40.63277778,140.6141667,4月20日,4月23日,4月30日,3月6日,ソメイヨシノ,,
93,名所,3130,///,県立城山公園,青森県,三戸郡三戸町,40.37944444,141.2680556,4月13日,4月17日,4月24日,3月6日,ソメイヨシノ,,
94,名所,3130,///,三八城公園,青森県,八戸市,40.51194444,141.4911111,4月15日,4月18日,4月25日,3月6日,ソメイヨシノ,,
95,名所,3130,///,愛宕公園,青森県,上北郡野辺地町,40.85861111,141.1369444,4月21日,4月25日,5月2日,3月6日,ソメイヨシノ,,
96,名所,3110,///,合浦公園,青森県,青森市,40.82694444,140.7825,4月17日,4月21日,4月28日,3月6日,ソメイヨシノ,,
97,名所,3110,///,弘前公園,青森県,弘前市,40.6075,140.47,4月17日,4月23日,4月30日,3月6日,ソメイヨシノ,,
98,名所,3110,///,芦野公園,青森県,五所川原市,40.90833333,140.4544444,4月18日,4月21日,4月28日,3月6日,ソメイヨシノ,,
99,名所,3310,///,室根山　蟻塚公園,岩手県,一関市,38.955,141.4516667,4月17日,4月22日,4月29日,3月6日,ソメイヨシノ,,
100,名所,3330,///,唐丹町本郷,岩手県,釜石市,39.20638889,141.8852778,4月10日,4月15日,4月22日,3月6日,ソメイヨシノ,,
101,名所,3330,///,碁石海岸,岩手県,大船渡市,38.98777778,141.745,4月10日,4月15日,4月22日,3月6日,ソメイヨシノ,,
102,名所,3310,///,鍋倉公園,岩手県,遠野市,39.32333333,141.5319444,4月19日,4月24日,5月1日,3月6日,ソメイヨシノ,,
103,名所,3310,///,舘山公園,岩手県,一関市,38.91277778,141.3380556,4月13日,4月18日,4月25日,3月6日,ソメイヨシノ,,
104,名所,3310,///,釣山公園,岩手県,一関市,38.92222222,141.1319444,4月10日,4月15日,4月22日,3月6日,ソメイヨシノ,,
105,名所,3310,///,中尊寺,岩手県,西磐井郡平泉町,38.99861111,141.1061111,4月11日,4月15日,4月22日,3月6日,ソメイヨシノ,,
106,名所,3310,///,毛越寺,岩手県,西磐井郡平泉町,38.98555556,141.1105556,4月10日,4月14日,4月21日,3月6日,ソメイヨシノ,,
107,名所,3310,///,雫石川園地,岩手県,岩手郡雫石町,39.69638889,140.9758333,4月20日,4月25日,5月2日,3月6日,ソメイヨシノ,,
108,名所,3310,///,厳美渓,岩手県,一関市,38.94194444,141.0480556,4月12日,4月16日,4月23日,3月6日,ソメイヨシノ,,
109,名所,3310,///,平泉町内　国道4号線の桜並木,岩手県,西磐井郡平泉町,38.98972222,141.1175,4月9日,4月14日,4月21日,3月6日,ソメイヨシノ,,
110,名所,3310,///,お物見公園,岩手県,奥州市,39.04722222,141.1227778,4月11日,4月16日,4月23日,3月6日,ソメイヨシノ,,
111,名所,3310,///,水沢公園,岩手県,奥州市,39.13138889,141.1441667,4月13日,4月17日,4月24日,3月6日,ソメイヨシノ,,
112,名所,3310,///,北上展勝地,岩手県,北上市,39.27527778,141.1311111,4月14日,4月18日,4月25日,3月6日,ソメイヨシノ,,
113,名所,3310,///,花巻温泉,岩手県,花巻市,39.44972222,141.0736111,4月15日,4月19日,4月26日,3月6日,ソメイヨシノ,,
114,名所,3310,///,花巻南温泉峡,岩手県,花巻市,39.41444444,141.0169444,4月17日,4月22日,4月29日,3月6日,ソメイヨシノ,,
115,名所,3310,///,紫波城山公園,岩手県,紫波郡紫波町,39.56166667,141.1763889,4月16日,4月20日,4月27日,3月6日,ソメイヨシノ,,
116,名所,3310,///,盛岡城跡公園(岩手公園),岩手県,盛岡市,39.69805556,141.1544444,4月15日,4月19日,4月26日,3月6日,ソメイヨシノ,,
117,名所,3310,///,高松の池,岩手県,盛岡市,39.71916667,141.1441667,4月16日,4月20日,4月27日,3月6日,ソメイヨシノ,,
118,名所,3310,///,小岩井農場,岩手県,岩手郡雫石町,39.75166667,141.0227778,4月18日,4月23日,4月30日,3月6日,ソメイヨシノ,,
119,名所,3310,///,遠野福泉寺,岩手県,遠野市,39.37083333,141.5669444,4月21日,4月26日,5月3日,3月6日,ソメイヨシノ,,
120,名所,3420,///,大衡城跡公園,宮城県,黒川郡大衡村,38.45888889,140.8833333,4月8日,4月12日,4月19日,3月6日,ソメイヨシノ,,
121,名所,3420,///,大衡中央公園,宮城県,黒川郡大衡村,38.47055556,140.8783333,4月8日,4月13日,4月20日,3月6日,ソメイヨシノ,,
122,名所,3420,///,薬莱山,宮城県,加美郡加美町,38.57222222,140.7086111,4月18日,4月22日,4月29日,3月6日,ソメイヨシノ,,
123,名所,3410,///,西公園,宮城県,仙台市青葉区,38.25722222,140.8652778,4月5日,4月10日,4月17日,3月6日,ソメイヨシノ,,
124,名所,3410,///,気仙沼大島・亀山,宮城県,気仙沼市,38.87027778,141.6213889,4月12日,4月17日,4月24日,3月6日,ソメイヨシノ,,
125,名所,3420,///,益岡公園,宮城県,白石市,37.99972222,140.6186111,4月5日,4月9日,4月16日,3月6日,ソメイヨシノ,,
126,名所,3410,///,白石川堤一目千本桜,宮城県,柴田郡大河原町,38.04777778,140.7419444,4月5日,4月10日,4月17日,3月6日,ソメイヨシノ,,
127,名所,3410,///,柴田町船岡城址公園,宮城県,柴田郡柴田町 ,38.06027778,140.7847222,4月5日,4月9日,4月16日,3月6日,ソメイヨシノ,,
128,名所,3410,///,志波彦神社　鹽竈神社,宮城県,塩竈市,38.31555556,141.0163889,4月8日,4月12日,4月19日,3月6日,ソメイヨシノ,,
129,名所,3410,///,西行戻しの松公園,宮城県,宮城郡松島町,38.36444444,141.0577778,4月9日,4月14日,4月21日,3月6日,ソメイヨシノ,,
130,名所,3410,///,日和山公園,宮城県,石巻市,38.42027778,141.3102778,4月8日,4月12日,4月19日,3月6日,ソメイヨシノ,,
131,名所,3410,///,牡鹿半島　金華山,宮城県,石巻市,38.295,141.5588889,4月12日,4月16日,4月23日,3月6日,ソメイヨシノ,,
132,名所,3410,///,城山公園,宮城県,遠田郡涌谷町,38.54222222,141.1347222,4月9日,4月13日,4月20日,3月6日,ソメイヨシノ,,
133,名所,3410,///,県立自然公園旭山,宮城県,石巻市,38.48527778,141.1844444,4月8日,4月13日,4月20日,3月6日,ソメイヨシノ,,
134,名所,3410,///,羽黒山公園,宮城県,大崎市,38.50666667,141.0538889,4月10日,4月15日,4月22日,3月6日,ソメイヨシノ,,
135,名所,3410,///,榴岡公園,宮城県,仙台市宮城野区,38.25666667,140.9,4月4日,4月9日,4月16日,3月6日,ソメイヨシノ,,
136,名所,3420,///,国営みちのく社の湖畔公園,宮城県,柴田郡川崎町,38.18,140.6672222,4月11日,4月16日,4月23日,3月6日,ソメイヨシノ,,
137,名所,3220,///,仏沢公園,秋田県,仙北郡美郷町,39.42916667,140.6175,4月24日,4月30日,5月7日,3月6日,ソメイヨシノ,,
138,名所,3220,///,一丈木公園,秋田県,仙北郡美郷町,39.46416667,140.6102778,4月22日,4月27日,5月4日,3月6日,ソメイヨシノ,,
139,名所,3220,///,大館市ベニヤマ自然パーク,秋田県,大館市,40.12416667,140.6822222,4月24日,4月30日,5月7日,3月6日,ソメイヨシノ,,
140,名所,3210,///,八塩いこいの森,秋田県,由利本荘市,39.25916667,140.2425,4月21日,4月27日,5月4日,3月6日,ソメイヨシノ,,
141,名所,3210,///,御所の台ふれあいパーク,秋田県,山本郡八峰町,40.38611111,139.9888889,4月15日,4月20日,4月27日,3月6日,ソメイヨシノ,,
142,名所,3220,///,鷹巣中央公園,秋田県,北秋田市,40.21166667,140.3863889,4月19日,4月24日,5月1日,3月6日,ソメイヨシノ,,
143,名所,3220,///,前森公園,秋田県,湯沢市,39.17222222,140.4980556,4月23日,4月28日,5月5日,3月6日,ソメイヨシノ,,
144,名所,3220,///,真人公園,秋田県,横手市,39.20722222,140.5763889,4月22日,4月27日,5月4日,3月6日,ソメイヨシノ,,
145,名所,3220,///,横手公園,秋田県,横手市,39.3175,140.5730556,4月20日,4月25日,5月2日,3月6日,ソメイヨシノ,,
146,名所,3210,///,千秋公園,秋田県,秋田市,39.71805556,140.1269444,4月14日,4月19日,4月26日,3月6日,ソメイヨシノ,,
147,名所,3210,///,きみまち阪公園,秋田県,能代市,40.21861111,140.2591667,4月18日,4月23日,4月30日,3月6日,ソメイヨシノ,,
148,名所,3210,///,勢至公園,秋田県,にかほ市,39.25861111,139.9236111,4月11日,4月16日,4月23日,3月6日,ソメイヨシノ,,
149,名所,3210,///,本荘公園,秋田県,由利本荘市,39.38111111,140.0511111,4月13日,4月18日,4月25日,3月6日,ソメイヨシノ,,
150,名所,3220,///,八乙女公園,秋田県,大仙市,39.53194444,140.5222222,4月19日,4月24日,5月1日,3月6日,ソメイヨシノ,,
151,名所,3220,///,桧木内川堤,秋田県,仙北市,39.59416667,140.5636111,4月20日,4月25日,5月2日,3月6日,ソメイヨシノ,,
152,名所,3220,///,武家屋敷,秋田県,仙北市,39.59527778,140.5655556,4月20日,4月26日,5月3日,3月6日,ソメイヨシノ,,
153,名所,3210,///,五城目町「雀舘公園」,秋田県,南秋田郡五城目町,39.93583333,140.1275,4月17日,4月22日,4月29日,3月6日,ソメイヨシノ,,
154,名所,3510,///,白水川堤防桜並木,山形県,東根市,38.44361111,140.375,4月16日,4月21日,4月28日,3月6日,ソメイヨシノ,,
155,名所,3510,///,堂ノ前公園,山形県,東根市,38.44944444,140.4066667,4月17日,4月21日,4月28日,3月6日,ソメイヨシノ,,
156,名所,3520,///,伊佐沢の久保桜,山形県,長井市,38.09083333,140.0702778,4月18日,4月23日,4月30日,3月6日,ソメイヨシノ,,
157,名所,3510,///,馬見ヶ崎さくらライン,山形県,山形市,38.27777778,140.3388889,4月12日,4月16日,4月23日,3月6日,ソメイヨシノ,,
158,名所,3520,///,最上川堤防千本桜,山形県,長井市,38.10555556,140.0488889,4月21日,4月25日,5月2日,3月6日,ソメイヨシノ,,
159,名所,3520,///,松が岬公園,山形県,米沢市,37.90611111,140.1080556,4月19日,4月23日,4月30日,3月6日,ソメイヨシノ,,
160,名所,3520,///,烏帽子山公園,山形県,南陽市,38.04805556,140.1688889,4月18日,4月22日,4月29日,3月6日,ソメイヨシノ,,
161,名所,3510,///,上山城・月岡公園,山形県,上山市,38.155,140.28,4月15日,4月19日,4月26日,3月6日,ソメイヨシノ,,
162,名所,3510,///,御幸公園,山形県,上山市,38.16916667,140.3025,4月15日,4月19日,4月26日,3月6日,ソメイヨシノ,,
163,名所,3510,///,霞城公園,山形県,山形市,38.25277778,140.3319444,4月12日,4月16日,4月23日,3月6日,ソメイヨシノ,,
164,名所,3510,///,天童公園,山形県,天童市,38.34944444,140.3822222,4月14日,4月19日,4月26日,3月6日,ソメイヨシノ,,
165,名所,3510,///,東沢公園,山形県,村山市,38.48083333,140.4075,4月18日,4月22日,4月29日,3月6日,ソメイヨシノ,,
166,名所,3540,///,最上公園,山形県,新庄市,38.76361111,140.2969444,4月19日,4月23日,4月30日,3月6日,ソメイヨシノ,,
167,名所,3510,///,寒河江公園,山形県,寒河江市,38.38111111,140.2736111,4月14日,4月18日,4月25日,3月6日,ソメイヨシノ,,
168,名所,3530,///,大山公園,山形県,鶴岡市,38.75055556,139.7625,4月10日,4月15日,4月22日,3月6日,ソメイヨシノ,,
169,名所,3530,///,鶴岡公園,山形県,鶴岡市,38.72555556,139.8277778,4月10日,4月14日,4月21日,3月6日,ソメイヨシノ,,
170,名所,3530,///,あつみ温泉　温海川河畔,山形県,鶴岡市,38.6125,139.6116667,4月15日,4月19日,4月26日,3月6日,ソメイヨシノ,,
171,名所,3530,///,日和山公園,山形県,酒田市,38.91611111,139.8319444,4月10日,4月14日,4月21日,3月6日,ソメイヨシノ,,
172,名所,3610,///,久慈川河川敷の桜並木,福島県,東白川郡塙町,36.9525,140.4113889,4月11日,4月16日,4月23日,3月6日,ソメイヨシノ,,
173,名所,3610,///,観月台公園,福島県,伊達郡国見町,37.87305556,140.5455556,4月8日,4月12日,4月19日,3月6日,ソメイヨシノ,,
174,名所,3610,///,夏井千本桜,福島県,田村郡小野町,37.25,140.6627778,4月17日,4月22日,4月29日,3月6日,ソメイヨシノ,,
175,名所,3610,///,南湖公園,福島県,白河市,37.10805556,140.2197222,4月10日,4月15日,4月22日,3月6日,ソメイヨシノ,,
176,名所,3610,///,昌建寺,福島県,西白河郡泉崎村,37.15527778,140.2966667,4月10日,4月15日,4月22日,3月6日,ソメイヨシノ,,
177,名所,3610,///,矢祭山公園,福島県,東白川郡矢祭町,36.84916667,140.3975,4月10日,4月14日,4月21日,3月6日,ソメイヨシノ,,
178,名所,3610,///,泉崎村さつき公園,福島県,西白河郡泉崎村,37.15222222,140.3213889,4月10日,4月14日,4月21日,3月6日,ソメイヨシノ,,
179,名所,3610,///,鳥見山公園,福島県,岩瀬郡鏡石町,37.24638889,140.3583333,4月10日,4月15日,4月22日,3月6日,ソメイヨシノ,,
180,名所,3610,///,花見山,福島県,福島市,37.735,140.5,4月6日,4月10日,4月17日,3月6日,ソメイヨシノ,,
181,名所,3610,///,笹原川千本桜,福島県,郡山市,37.33444444,140.2566667,4月12日,4月17日,4月24日,3月6日,ソメイヨシノ,,
182,名所,3610,///,今出川・北須川の桜並木,福島県,石川郡石川町,37.14666667,140.4547222,4月10日,4月15日,4月22日,3月6日,ソメイヨシノ,,
183,名所,3630,///,町営牧場,福島県,耶麻郡猪苗代町,37.56555556,140.0738889,4月25日,4月29日,5月6日,3月6日,ソメイヨシノ,,
184,名所,3630,///,観音寺川,福島県,耶麻郡猪苗代町,37.53416667,140.1416667,4月25日,4月30日,5月7日,3月6日,ソメイヨシノ,,
185,名所,3610,///,藤田川ふれあい桜,福島県,郡山市,37.45027778,140.3477778,4月9日,4月14日,4月21日,3月6日,ソメイヨシノ,,
186,名所,3610,///,開成山公園,福島県,郡山市,37.395,140.3608333,4月9日,4月13日,4月20日,3月6日,ソメイヨシノ,,
187,名所,3610,///,蛇の鼻遊楽園,福島県,本宮市,37.51055556,140.3791667,4月11日,4月15日,4月22日,3月6日,ソメイヨシノ,,
188,名所,3610,///,霞ヶ城公園,福島県,二本松市,37.59583333,140.4316667,4月9日,4月13日,4月20日,3月6日,ソメイヨシノ,,
189,名所,3610,///,岳温泉,福島県,二本松市,37.60166667,140.3627778,4月14日,4月19日,4月26日,3月6日,ソメイヨシノ,,
190,名所,3630,///,宮川千本桜,福島県,大沼郡会津美里町,37.45694444,139.8422222,4月15日,4月19日,4月26日,3月6日,ソメイヨシノ,,
191,名所,3630,///,亀ヶ城跡,福島県,耶麻郡猪苗代町,37.55888889,140.1072222,4月25日,4月29日,5月6日,3月6日,ソメイヨシノ,,
192,名所,3630,///,鶴ケ城址,福島県,会津若松市,37.485,139.9330556,4月11日,4月15日,4月22日,3月6日,ソメイヨシノ,,
193,名所,3630,///,福満虚空蔵尊圓蔵寺,福島県,河沼郡柳津町,37.53,139.7277778,4月19日,4月24日,5月1日,3月6日,ソメイヨシノ,,
194,名所,3620,///,中村城跡公園　馬陵公園,福島県,相馬市,37.79472222,140.9172222,4月8日,4月13日,4月20日,3月6日,ソメイヨシノ,,
195,名所,3620,///,松ヶ岡公園,福島県,いわき市,37.05166667,140.8863889,4月2日,4月7日,4月14日,3月6日,ソメイヨシノ,,
196,名所,3620,///,勿来関跡,福島県,いわき市,36.86388889,140.7836111,4月2日,4月7日,4月14日,3月6日,ソメイヨシノ,,
197,名所,3620,///,平中央公園,福島県,いわき市,37.05,140.8894444,4月2日,4月7日,4月14日,3月6日,ソメイヨシノ,,
198,名所,4020,///,磯部桜川公園,茨城県,桜川市,36.36194444,140.1394444,3月29日,4月6日,4月13日,3月6日,ソメイヨシノ,,
199,名所,4020,///,西蓮寺,茨城県,行方市,36.06833333,140.4411111,3月29日,4月6日,4月13日,3月6日,ソメイヨシノ,,
200,名所,4010,///,十王パノラマ公園,茨城県,日立市,36.66666667,140.6686111,4月1日,4月8日,4月15日,3月6日,ソメイヨシノ,,
201,名所,4020,///,弘経寺,茨城県,常総市,36.04083333,139.9791667,3月27日,4月4日,4月11日,3月6日,ソメイヨシノ,,
202,名所,4020,///,水海道あすなろの里,茨城県,常総市,36.00111111,139.9272222,3月26日,4月4日,4月11日,3月6日,ソメイヨシノ,,
203,名所,4020,///,吉野公園,茨城県,常総市,36.07166667,140.0038889,3月27日,4月5日,4月12日,3月6日,ソメイヨシノ,,
204,名所,4010,///,宇留野公園,茨城県,常陸大宮市,36.545,140.4244444,3月31日,4月7日,4月14日,3月6日,ソメイヨシノ,,
205,名所,4010,///,辰ノ口親水公園,茨城県,常陸大宮市,36.58833333,140.4236111,4月1日,4月8日,4月15日,3月6日,ソメイヨシノ,,
206,名所,4010,///,大宮自然公園,茨城県,常陸大宮市,36.52555556,140.4061111,4月1日,4月8日,4月15日,3月6日,ソメイヨシノ,,
207,名所,4020,///,雨引観音,茨城県,桜川市,36.3275,140.1238889,4月1日,4月8日,4月15日,3月6日,ソメイヨシノ,,
208,名所,4010,///,千波湖畔,茨城県,水戸市,36.36444444,140.4611111,3月29日,4月6日,4月13日,3月6日,ソメイヨシノ,,
209,名所,4010,///,佐白山ろく公園,茨城県,笠間市,36.38111111,140.2630556,3月31日,4月7日,4月14日,3月6日,ソメイヨシノ,,
210,名所,4020,///,神之池緑地公園,茨城県,神栖市,35.88722222,140.6680556,3月26日,4月4日,4月11日,3月6日,ソメイヨシノ,,
211,名所,4020,///,福岡堰の桜,茨城県,つくばみらい市,36.03722222,140.0322222,3月27日,4月4日,4月11日,3月6日,ソメイヨシノ,,
212,名所,4020,///,羽黒山公園,茨城県,行方市,35.98638889,140.4836111,3月27日,4月5日,4月12日,3月6日,ソメイヨシノ,,
213,名所,4020,///,常陸風土記の丘,茨城県,石岡市,36.20694444,140.24,3月27日,4月5日,4月12日,3月6日,ソメイヨシノ,,
214,名所,4010,///,平和通り,茨城県,日立市,36.59416667,140.6588889,3月31日,4月7日,4月14日,3月6日,ソメイヨシノ,,
215,名所,4010,///,愛宕山(山頂),茨城県,笠間市,36.28833333,140.2575,3月31日,4月7日,4月14日,3月6日,ソメイヨシノ,,
216,名所,4010,///,かみね公園,茨城県,日立市,36.60361111,140.6602778,3月31日,4月8日,4月15日,3月6日,ソメイヨシノ,,
217,名所,4020,///,亀城公園,茨城県,土浦市,36.08166667,140.2011111,3月26日,4月4日,4月11日,3月6日,ソメイヨシノ,,
218,名所,4020,///,北条大池周辺,茨城県,つくば市,36.17166667,140.1069444,3月27日,4月4日,4月11日,3月6日,ソメイヨシノ,,
219,名所,4010,///,愛宕山(中腹）,茨城県,笠間市,36.28833333,140.2575,3月31日,4月7日,4月14日,3月6日,ソメイヨシノ,,
220,名所,4010,///,桜山公園,茨城県,水戸市,36.3725,140.4513889,3月29日,4月6日,4月13日,3月6日,ソメイヨシノ,,
221,名所,4010,///,静峰ふるさと公園,茨城県,那珂市,36.49861111,140.4238889,4月1日,4月8日,4月15日,3月6日,ソメイヨシノ,,
222,名所,4010,///,西山公園,茨城県,常陸太田市,36.53888889,140.5172222,3月31日,4月7日,4月14日,3月6日,ソメイヨシノ,,
223,名所,4020,///,城跡歴史公園,茨城県,結城市,36.30472222,139.8886111,3月26日,4月4日,4月11日,3月6日,ソメイヨシノ,,
224,名所,4110,///,壬生町総合公園,栃木県,下都賀郡壬生町,36.45805556,139.8127778,3月30日,4月5日,4月12日,3月6日,ソメイヨシノ,,
225,名所,4110,///,かしの森公園,栃木県,芳賀郡芳賀町,36.56888889,140.0169444,4月1日,4月7日,4月14日,3月6日,ソメイヨシノ,,
226,名所,4110,///,冨士山自然公園,栃木県,芳賀郡芳賀町,36.57527778,140.0794444,4月2日,4月7日,4月14日,3月6日,ソメイヨシノ,,
227,名所,4120,///,烏ケ森公園,栃木県,那須塩原市,36.88611111,139.9675,4月3日,4月7日,4月14日,3月6日,ソメイヨシノ,,
228,名所,4110,///,城山公園,栃木県,小山市,36.31527778,139.8030556,3月28日,4月3日,4月10日,3月6日,ソメイヨシノ,,
229,名所,4120,///,長峰公園,栃木県,矢板市,36.80777778,139.9408333,4月3日,4月8日,4月15日,3月6日,ソメイヨシノ,,
230,名所,4110,///,千手山公園,栃木県,鹿沼市,36.56944444,139.7469444,4月1日,4月6日,4月13日,3月6日,ソメイヨシノ,,
231,名所,4110,///,嘉多山公園,栃木県,佐野市,36.40833333,139.6155556,3月30日,4月5日,4月12日,3月6日,ソメイヨシノ,,
232,名所,4110,///,城山公園,栃木県,佐野市,36.31527778,139.5819444,3月28日,4月3日,4月10日,3月6日,ソメイヨシノ,,
233,名所,4110,///,東雲公園,栃木県,下都賀郡壬生町,36.42583333,139.8108333,3月30日,4月5日,4月12日,3月6日,ソメイヨシノ,,
234,名所,4120,///,龍城公園(大田原市),栃木県,大田原市,36.86583333,140.0375,4月4日,4月8日,4月15日,3月6日,ソメイヨシノ,,
235,名所,4110,///,龍門の滝,栃木県,那須烏山市,36.64222222,140.1427778,4月2日,4月7日,4月14日,3月6日,ソメイヨシノ,,
236,名所,4120,///,にしなすの運動公園,栃木県,那須塩原市,36.9,139.9888889,4月4日,4月8日,4月15日,3月6日,ソメイヨシノ,,
237,名所,4120,///,乃木参道,栃木県,那須塩原市,36.8875,140.0027778,4月4日,4月8日,4月15日,3月6日,ソメイヨシノ,,
238,名所,4110,///,太平山,栃木県,栃木市,36.36166667,139.6941667,3月31日,4月5日,4月12日,3月6日,ソメイヨシノ,,
239,名所,4110,///,八幡山公園,栃木県,宇都宮市,36.56777778,139.8888889,3月30日,4月4日,4月11日,3月6日,ソメイヨシノ,,
240,名所,4120,///,黒磯公園,栃木県,那須塩原市,36.97333333,140.0566667,4月7日,4月10日,4月17日,3月6日,ソメイヨシノ,,
241,名所,4210,///,桜山公園,群馬県,藤岡市,36.16222222,139.0258333,3月29日,4月5日,4月12日,3月6日,ソメイヨシノ,,
242,名所,4210,///,妙義神社,群馬県,富岡市,36.2975,138.7655556,4月1日,4月7日,4月14日,3月6日,ソメイヨシノ,,
243,名所,4210,///,高崎城址公園,群馬県,高崎市,36.32083333,139.0072222,3月26日,4月3日,4月10日,3月6日,ソメイヨシノ,,
244,名所,4210,///,城之内公園,群馬県,邑楽郡大泉町,36.25888889,139.4169444,3月25日,4月3日,4月10日,3月6日,ソメイヨシノ,,
245,名所,4220,///,沼田公園(沼田城址),群馬県,沼田市,36.645,139.0433333,4月5日,4月11日,4月18日,3月6日,ソメイヨシノ,,
246,名所,4210,///,高崎観音山,群馬県,高崎市,36.30777778,138.9836111,3月28日,4月5日,4月12日,3月6日,ソメイヨシノ,,
247,名所,4210,///,桐生が岡動物園,群馬県,桐生市,36.42027778,139.3441667,3月27日,4月4日,4月11日,3月6日,ソメイヨシノ,,
248,名所,4210,///,赤城南面千本桜,群馬県,前橋市,36.47,139.1944444,4月3日,4月9日,4月16日,3月6日,ソメイヨシノ,,
249,名所,4210,///,伊香保グリーン牧場,群馬県,渋川市,36.5,138.9452778,4月5日,4月11日,4月18日,3月6日,ソメイヨシノ,,
250,名所,4220,///,老神温泉,群馬県,沼田市,36.67222222,139.21,4月26日,5月2日,5月9日,3月6日,ソメイヨシノ,,
251,名所,4220,///,水上温泉(諏訪峡付近),群馬県,利根郡,36.67861111,138.9991667,4月6日,4月11日,4月18日,3月6日,ソメイヨシノ,,
252,名所,4210,///,華蔵寺公園,群馬県,伊勢崎市,36.33972222,139.2019444,3月26日,4月3日,4月10日,3月6日,ソメイヨシノ,,
253,名所,4320,///,さくら堤公園,埼玉県,比企郡吉見町,36.01944444,139.4822222,3月28日,4月3日,4月10日,3月6日,ソメイヨシノ,,
254,名所,4320,///,吉見百穴周辺,埼玉県,比企郡吉見町,36.03611111,139.425,3月28日,4月3日,4月10日,3月6日,ソメイヨシノ,,
255,名所,4310,///,幸手権現堂さくら堤(県営権現堂公園),埼玉県,幸手市,36.08916667,139.7272222,3月27日,4月3日,4月10日,3月6日,ソメイヨシノ,,
256,名所,4310,///,北越谷元荒川堤,埼玉県,越谷市,35.89555556,139.7755556,3月26日,4月2日,4月9日,3月6日,ソメイヨシノ,,
257,名所,4310,///,城山公園,埼玉県,桶川市,35.98805556,139.5277778,3月28日,4月3日,4月10日,3月6日,ソメイヨシノ,,
258,名所,4310,///,飯能市名栗湖,埼玉県,飯能市,35.87083333,139.18,4月1日,4月6日,4月13日,3月6日,ソメイヨシノ,,
259,名所,4310,///,県営狭山稲荷山公園,埼玉県,狭山市,35.84333333,139.4005556,3月28日,4月3日,4月10日,3月6日,ソメイヨシノ,,
260,名所,4310,///,杉戸西近隣公園,埼玉県,北葛飾郡杉戸町,36.04666667,139.7111111,3月27日,4月3日,4月10日,3月6日,ソメイヨシノ,,
261,名所,4320,///,都幾川桜堤,埼玉県,比企郡嵐山町,36.02888889,139.3238889,3月27日,4月3日,4月10日,3月6日,ソメイヨシノ,,
262,名所,4320,///,玉淀河原,埼玉県,大里郡寄居町,36.1075,139.1980556,3月29日,4月4日,4月11日,3月6日,ソメイヨシノ,,
263,名所,4320,///,国営武蔵丘陵森林公園,埼玉県,比企郡滑川町,36.07333333,139.3686111,3月28日,4月4日,4月11日,3月6日,ソメイヨシノ,,
264,名所,4320,///,こだま千本桜,埼玉県,本庄市,36.17888889,139.1425,3月27日,4月2日,4月9日,3月6日,ソメイヨシノ,,
265,名所,4310,///,高尾さくら公園,埼玉県,北本市,36.02166667,139.5097222,3月28日,4月3日,4月10日,3月6日,ソメイヨシノ,,
266,名所,4310,///,城ヶ谷堤,埼玉県,北本市,36.00722222,139.5088889,3月28日,4月3日,4月10日,3月6日,ソメイヨシノ,,
267,名所,4320,///,鴻巣公園,埼玉県,鴻巣市,36.05138889,139.5180556,3月28日,4月3日,4月10日,3月6日,ソメイヨシノ,,
268,名所,4320,///,元荒川の桜並木,埼玉県,鴻巣市,36.10305556,139.4575,3月27日,4月3日,4月10日,3月6日,ソメイヨシノ,,
269,名所,4310,///,岩槻城址公園,埼玉県,さいたま市岩槻区,35.94805556,139.7127778,3月27日,4月2日,4月9日,3月6日,ソメイヨシノ,,
270,名所,4330,///,羊山公園の桜,埼玉県,秩父市,35.98333333,139.0919444,3月31日,4月5日,4月12日,3月6日,ソメイヨシノ,,
271,名所,4310,///,所沢航空記念公園,埼玉県,所沢市,35.79472222,139.4772222,3月27日,4月3日,4月10日,3月6日,ソメイヨシノ,,
272,名所,4310,///,天覧山・中央公園,埼玉県,飯能市,35.85555556,139.3136111,3月30日,4月4日,4月11日,3月6日,ソメイヨシノ,,
273,名所,4320,///,若泉公園,埼玉県,本庄市,36.24111111,139.1861111,3月27日,4月2日,4月9日,3月6日,ソメイヨシノ,,
274,名所,4310,///,沼辺公園,埼玉県,吉川市,35.88833333,139.8613889,3月27日,4月3日,4月10日,3月6日,ソメイヨシノ,,
275,名所,4310,///,無線山桜並木,埼玉県,北足立郡伊奈町,35.98388889,139.6205556,3月26日,4月2日,4月9日,3月6日,ソメイヨシノ,,
276,名所,4310,///,さくらの山公園,埼玉県,入間郡越生町,35.96055556,139.2955556,3月29日,4月4日,4月11日,3月6日,ソメイヨシノ,,
277,名所,4330,///,美の山公園,埼玉県,秩父郡皆野町,36.05222222,139.1177778,4月3日,4月7日,4月14日,3月6日,ソメイヨシノ,,
278,名所,4320,///,城山稲荷神社,埼玉県,本庄市,36.24055556,139.1952778,3月27日,4月2日,4月9日,3月6日,ソメイヨシノ,,
279,名所,4310,///,みさと公園,埼玉県,三郷市,35.78333333,139.8761111,3月25日,4月2日,4月9日,3月6日,ソメイヨシノ,,
280,名所,4310,///,鶴ヶ島市運動公園,埼玉県,鶴ヶ島市,35.92222222,139.3988889,3月28日,4月3日,4月10日,3月6日,ソメイヨシノ,,
281,名所,4310,///,鎌北湖,埼玉県,入間郡毛呂山町,35.91416667,139.2941667,4月1日,4月6日,4月13日,3月6日,ソメイヨシノ,,
282,名所,4320,///,熊谷桜堤,埼玉県,熊谷市,36.13277778,139.3863889,3月25日,4月3日,4月10日,3月6日,ソメイヨシノ,,
283,名所,4330,///,長瀞,埼玉県,秩父郡長瀞町,36.08888889,139.1197222,3月30日,4月4日,4月11日,3月6日,ソメイヨシノ,,
284,名所,4320,///,城山公園,埼玉県,本庄市,36.19055556,139.1305556,3月27日,4月3日,4月10日,3月6日,ソメイヨシノ,,
285,名所,4310,///,大宮公園,埼玉県,さいたま市大宮区,35.91527778,139.6336111,3月26日,4月2日,4月9日,3月6日,ソメイヨシノ,,
286,名所,4310,///,さくら通り,埼玉県,吉川市,35.87805556,139.85,3月27日,4月2日,4月9日,3月6日,ソメイヨシノ,,
287,名所,4310,///,与野公園,埼玉県,さいたま市中央区,35.87777778,139.6211111,3月26日,4月2日,4月9日,3月6日,ソメイヨシノ,,
288,名所,4510,///,泉自然公園,千葉県,千葉市若葉区,35.57361111,140.23,3月26日,4月3日,4月10日,3月6日,ソメイヨシノ,,
289,名所,4510,///,市制記念公園,千葉県,鎌ヶ谷市,35.77944444,140.0102778,3月27日,4月3日,4月10日,3月6日,ソメイヨシノ,,
290,名所,4520,///,小中池公園,千葉県,山武郡大網白里町,35.5125,140.2905556,3月29日,3月31日,4月7日,3月6日,ソメイヨシノ,,
291,名所,4510,///,亥鼻公園,千葉県,千葉市中央区,35.60138889,140.1294444,3月25日,4月1日,4月8日,3月6日,ソメイヨシノ,,
292,名所,4520,///,佐原公園(諏訪公園),千葉県,香取市,35.88611111,140.4927778,4月1日,4月2日,4月9日,3月6日,ソメイヨシノ,,
293,名所,4530,///,高家神社,千葉県,南房総市,34.95888889,139.9527778,3月27日,3月30日,4月6日,3月6日,ソメイヨシノ,,
294,名所,4530,///,南房総市千倉総合運動公園,千葉県,南房総市,34.96888889,139.9483333,3月27日,3月30日,4月6日,3月6日,ソメイヨシノ,,
295,名所,4510,///,宗吾霊堂,千葉県,成田市,35.7575,140.2827778,3月30日,4月1日,4月8日,3月6日,ソメイヨシノ,,
296,名所,4510,///,成田ゆめ牧場,千葉県,成田市,35.87,140.395,4月1日,4月3日,4月10日,3月6日,ソメイヨシノ,,
297,名所,4510,///,宗吾霊堂(裏手),千葉県,成田市,35.7575,140.2827778,3月30日,4月1日,4月8日,3月6日,ソメイヨシノ,,
298,名所,4510,///,成田山公園,千葉県,成田市,35.78277778,140.3213889,3月30日,4月1日,4月8日,3月6日,ソメイヨシノ,,
299,名所,4520,///,茂原公園,千葉県,茂原市,35.4275,140.2861111,3月28日,3月31日,4月7日,3月6日,ソメイヨシノ,,
300,名所,4510,///,佐倉城址公園,千葉県,佐倉市,35.71972222,140.2211111,3月29日,3月31日,4月7日,3月6日,ソメイヨシノ,,
301,名所,4520,///,八鶴湖畔,千葉県,東金市,35.55777778,140.3602778,3月29日,3月31日,4月7日,3月6日,ソメイヨシノ,,
302,名所,4530,///,城山公園,千葉県,館山市,34.9775,139.8594444,3月26日,3月30日,4月6日,3月6日,ソメイヨシノ,,
303,名所,4520,///,小見川城山公園,千葉県,香取市,35.85638889,140.5963889,3月31日,4月3日,4月10日,3月6日,ソメイヨシノ,,
304,名所,4520,///,香取神宮,千葉県,香取市,35.88277778,140.5319444,4月1日,4月3日,4月10日,3月6日,ソメイヨシノ,,
305,名所,4530,///,太田山公園,千葉県,木更津市,35.37666667,139.9422222,3月24日,4月1日,4月8日,3月6日,ソメイヨシノ,,
306,名所,4510,///,千葉こどもの国　KidsDom,千葉県,市原市,35.48722222,140.1358333,3月26日,4月2日,4月9日,3月6日,ソメイヨシノ,,
307,名所,4510,///,千葉公園,千葉県,千葉市中央区,35.61555556,140.12,3月24日,4月1日,4月8日,3月6日,ソメイヨシノ,,
308,名所,4510,///,清水公園,千葉県,野田市,35.95694444,139.8541667,3月27日,4月2日,4月9日,3月6日,ソメイヨシノ,,
309,名所,4410,///,国営昭和記念公園,東京都,立川市,35.70861111,139.3997222,3月24日,4月4日,4月11日,3月6日,ソメイヨシノ,,
310,名所,4410,///,西新井大師,東京都,足立区,35.77694444,139.7830556,3月21日,4月2日,4月9日,3月6日,ソメイヨシノ,,
311,名所,4410,///,尾根緑道,東京都,町田市,35.58277778,139.4063889,3月24日,4月4日,4月11日,3月6日,ソメイヨシノ,,
312,名所,4410,///,塩田耕地堤の桜,東京都,西多摩郡日の出町,35.73694444,139.2633333,3月27日,4月6日,4月13日,3月6日,ソメイヨシノ,,
313,名所,4410,///,よみうりランド,東京都,稲城市,35.62194444,139.5216667,3月23日,4月3日,4月10日,3月6日,ソメイヨシノ,,
314,名所,4410,///,池上本門寺,東京都,大田区,35.57611111,139.7086111,3月20日,4月2日,4月9日,3月6日,ソメイヨシノ,,
315,名所,4410,///,千鳥ケ淵公園,東京都,千代田区,35.6825,139.7480556,3月21日,4月2日,4月9日,3月6日,ソメイヨシノ,,
316,名所,4410,///,靖國神社,東京都,千代田区,35.69055556,139.7461111,3月19日,4月2日,4月9日,3月6日,ソメイヨシノ,,
317,名所,4410,///,六本木ヒルズ　毛利庭園・さくら坂,東京都,港区,35.65611111,139.7325,3月21日,4月2日,4月9日,3月6日,ソメイヨシノ,,
318,名所,4410,///,仙台堀川公園,東京都,江東区,35.68,139.8419444,3月22日,4月3日,4月10日,3月6日,ソメイヨシノ,,
319,名所,4410,///,辰巳の森緑道公園,東京都,江東区,35.64666667,139.8175,3月23日,4月4日,4月11日,3月6日,ソメイヨシノ,,
320,名所,4410,///,芝公園,東京都,港区,35.65166667,139.7516667,3月21日,4月3日,4月10日,3月6日,ソメイヨシノ,,
321,名所,4410,///,砧公園,東京都,世田谷区,35.62611111,139.6205556,3月21日,4月2日,4月9日,3月6日,ソメイヨシノ,,
322,名所,4410,///,都立光が丘公園,東京都,練馬区,35.76333333,139.6322222,3月22日,4月2日,4月9日,3月6日,ソメイヨシノ,,
323,名所,4410,///,浜離宮恩賜庭園,東京都,中央区,35.65638889,139.7666667,3月21日,4月2日,4月9日,3月6日,ソメイヨシノ,,
324,名所,4410,///,旧芝離宮恩賜庭園,東京都,港区,35.65166667,139.7619444,3月21日,4月2日,4月9日,3月6日,ソメイヨシノ,,
325,名所,4410,///,小石川後楽園,東京都,文京区,35.70222222,139.7522222,3月21日,4月2日,4月9日,3月6日,ソメイヨシノ,,
326,名所,4410,///,旧岩崎邸庭園,東京都,台東区,35.70638889,139.7702778,3月21日,4月2日,4月9日,3月6日,ソメイヨシノ,,
327,名所,4410,///,六義園,東京都,文京区,35.72944444,139.7505556,3月21日,4月2日,4月9日,3月6日,ソメイヨシノ,,
328,名所,4410,///,向島百花園,東京都,墨田区,35.72055556,139.8186111,3月22日,4月2日,4月9日,3月6日,ソメイヨシノ,,
329,名所,4410,///,清澄庭園,東京都,江東区,35.67694444,139.8008333,3月22日,4月3日,4月10日,3月6日,ソメイヨシノ,,
330,名所,4410,///,旧古河庭園,東京都,北区,35.73944444,139.7491667,3月21日,4月2日,4月9日,3月6日,ソメイヨシノ,,
331,名所,4410,///,武蔵野公園,東京都,府中市,35.68638889,139.5213889,3月22日,4月3日,4月10日,3月6日,ソメイヨシノ,,
332,名所,4410,///,滝山公園,東京都,八王子市,35.69777778,139.3322222,3月25日,4月5日,4月12日,3月6日,ソメイヨシノ,,
333,名所,4410,///,善福寺川緑地・和田堀公園,東京都,杉並区,35.68333333,139.6372222,3月21日,4月2日,4月9日,3月6日,ソメイヨシノ,,
334,名所,4410,///,アークヒルズ,東京都,港区,35.66555556,139.7438889,3月21日,4月2日,4月9日,3月6日,ソメイヨシノ,,
335,名所,4410,///,音無親水公園,東京都,北区,35.74888889,139.7386111,3月21日,4月2日,4月9日,3月6日,ソメイヨシノ,,
336,名所,4410,///,石神井公園,東京都,練馬区,35.73527778,139.6,3月22日,4月2日,4月9日,3月6日,ソメイヨシノ,,
337,名所,4410,///,東京ミッドタウン　ミッドタウン・ガーデン,東京都,港区,35.66638889,139.7316667,3月21日,4月2日,4月9日,3月6日,ソメイヨシノ,,
338,名所,4410,///,としまえん,東京都,練馬区,35.74305556,139.6475,3月21日,4月2日,4月9日,3月6日,ソメイヨシノ,,
339,名所,4410,///,隅田公園,東京都,墨田区,35.70888889,139.8072222,3月21日,4月2日,4月9日,3月6日,ソメイヨシノ,,
340,名所,4410,///,都立代々木公園,東京都,渋谷区,35.66583333,139.7030556,3月21日,4月2日,4月9日,3月6日,ソメイヨシノ,,
341,名所,4410,///,上野恩賜公園,東京都,台東区,35.71138889,139.7766667,3月21日,4月2日,4月9日,3月6日,ソメイヨシノ,,
342,名所,4410,///,飛鳥山公園,東京都,北区,35.74777778,139.7413889,3月21日,4月2日,4月9日,3月6日,ソメイヨシノ,,
343,名所,4410,///,水元公園,東京都,葛飾区,35.78555556,139.8702778,3月22日,4月2日,4月9日,3月6日,ソメイヨシノ,,
344,名所,4410,///,駒沢オリンピック公園,東京都,世田谷区,35.62138889,139.6652778,3月21日,4月2日,4月9日,3月6日,ソメイヨシノ,,
345,名所,4410,///,新宿御苑,東京都,新宿区,35.68194444,139.7136111,3月21日,4月2日,4月9日,3月6日,ソメイヨシノ,,
346,名所,4410,///,井の頭恩賜公園,東京都,武蔵野市,35.69666667,139.5786111,3月22日,4月2日,4月9日,3月6日,ソメイヨシノ,,
347,名所,4410,///,小金井公園,東京都,小金井市,35.71277778,139.5222222,3月23日,4月3日,4月10日,3月6日,ソメイヨシノ,,
348,名所,4410,///,狭山公園,東京都,東村山市,35.75861111,139.4447222,3月25日,4月4日,4月11日,3月6日,ソメイヨシノ,,
349,名所,4410,///,羽村の堰,東京都,羽村市,35.75055556,139.3147222,3月25日,4月4日,4月11日,3月6日,ソメイヨシノ,,
350,名所,4410,///,奥多摩湖,東京都,西多摩郡奥多摩町,35.78944444,139.0511111,4月2日,4月10日,4月17日,3月6日,ソメイヨシノ,,
351,名所,4410,///,目黒川,東京都,目黒区,35.65111111,139.6858333,3月20日,4月1日,4月8日,3月6日,ソメイヨシノ,,
352,名所,4410,///,八重洲さくら通り,東京都,中央区,35.68222222,139.7705556,3月21日,4月2日,4月9日,3月6日,ソメイヨシノ,,
353,名所,4410,///,浮間公園,東京都,板橋区,35.795,139.6936111,3月22日,4月2日,4月9日,3月6日,ソメイヨシノ,,
354,名所,4410,///,戸山公園,東京都,新宿区,35.70555556,139.7047222,3月21日,4月2日,4月9日,3月6日,ソメイヨシノ,,
355,名所,4410,///,舎人公園,東京都,足立区,35.80083333,139.7683333,3月21日,4月2日,4月9日,3月6日,ソメイヨシノ,,
356,名所,4410,///,法明寺,東京都,豊島区,35.72444444,139.7138889,3月21日,4月2日,4月9日,3月6日,ソメイヨシノ,,
357,名所,4410,///,播磨坂,東京都,文京区,35.71361111,139.7419444,3月21日,4月2日,4月9日,3月6日,ソメイヨシノ,,
358,名所,4410,///,明治神宮外苑,東京都,新宿区,35.67305556,139.7205556,3月21日,4月2日,4月9日,3月6日,ソメイヨシノ,,
359,名所,4410,///,外濠公園,東京都,千代田区,35.69833333,139.7419444,3月21日,4月2日,4月9日,3月6日,ソメイヨシノ,,
360,名所,4410,///,神田明神,東京都,千代田区,35.70194444,139.7677778,3月21日,4月2日,4月9日,3月6日,ソメイヨシノ,,
361,名所,4610,///,県立三ツ池公園,神奈川県,横浜市鶴見区,35.51861111,139.6636111,3月22日,4月2日,4月9日,3月6日,ソメイヨシノ,,
362,名所,4610,///,さくら百華の道(相模が丘仲よし小道),神奈川県,座間市,35.50694444,139.4261111,3月25日,4月3日,4月10日,3月6日,ソメイヨシノ,,
363,名所,4610,///,東原桜並木,神奈川県,座間市,35.47277778,139.4308333,3月24日,4月3日,4月10日,3月6日,ソメイヨシノ,,
364,名所,4620,///,飯山白山森林公園,神奈川県,厚木市,35.47222222,139.3063889,3月27日,4月4日,4月11日,3月6日,ソメイヨシノ,,
365,名所,4610,///,城山公園,神奈川県,綾瀬市,35.43388889,139.4225,3月24日,4月3日,4月10日,3月6日,ソメイヨシノ,,
366,名所,4610,///,光綾公園,神奈川県,綾瀬市,35.44194444,139.435,3月24日,4月3日,4月10日,3月6日,ソメイヨシノ,,
367,名所,4610,///,綾西緑地,神奈川県,綾瀬市,35.42888889,139.4130556,3月24日,4月3日,4月10日,3月6日,ソメイヨシノ,,
368,名所,4610,///,横浜市立野毛山動物園・野毛山公園,神奈川県,横浜市西区,35.44388889,139.6263889,3月23日,4月2日,4月9日,3月6日,ソメイヨシノ,,
369,名所,4610,///,寒川神社の表参道と境内,神奈川県,高座郡寒川町,35.37555556,139.3861111,3月23日,4月3日,4月10日,3月6日,ソメイヨシノ,,
370,名所,4620,///,宮城野早川堤,神奈川県,足柄下郡箱根町,35.25,139.0525,4月3日,4月10日,4月17日,3月6日,ソメイヨシノ,,
371,名所,4620,///,さがみ湖リゾートプレジャーフォレスト,神奈川県,相模原市,35.60166667,139.2077778,3月30日,4月7日,4月14日,3月6日,ソメイヨシノ,,
372,名所,4620,///,TOYO　TIRES　ターンパイク　御所の入駐車場付近,神奈川県,小田原市,35.225,139.1411111,3月26日,4月4日,4月11日,3月6日,ソメイヨシノ,,
373,名所,4610,///,大岡川プロムナード,神奈川県,横浜市南区,35.42861111,139.6119444,3月22日,4月1日,4月8日,3月6日,ソメイヨシノ,,
374,名所,4620,///,弘法山公園,神奈川県,秦野市,35.36833333,139.2455556,3月25日,4月3日,4月10日,3月6日,ソメイヨシノ,,
375,名所,4610,///,横浜市立金沢動物園,神奈川県,横浜市金沢区,35.34472222,139.5986111,3月23日,4月2日,4月9日,3月6日,ソメイヨシノ,,
376,名所,4620,///,箱根強羅公園,神奈川県,足柄下郡箱根町,35.24861111,139.0458333,4月6日,4月13日,4月20日,3月6日,ソメイヨシノ,,
377,名所,4620,///,恩賜箱根公園,神奈川県,足柄下郡箱根町,35.19638889,139.0258333,4月9日,4月15日,4月22日,3月6日,ソメイヨシノ,,
378,名所,4620,///,小田原城址公園,神奈川県,小田原市,35.24777778,139.1561111,3月24日,4月3日,4月10日,3月6日,ソメイヨシノ,,
379,名所,4610,///,鶴岡八幡宮,神奈川県,鎌倉市,35.3225,139.5594444,3月24日,4月3日,4月10日,3月6日,ソメイヨシノ,,
380,名所,4610,///,衣笠山公園,神奈川県,横須賀市,35.24583333,139.6622222,3月24日,4月3日,4月10日,3月6日,ソメイヨシノ,,
381,名所,4610,///,三溪園,神奈川県,横浜市中区,35.4125,139.6622222,3月24日,4月3日,4月10日,3月6日,ソメイヨシノ,,
382,名所,4620,///,山北鉄道公園(御殿場線沿い桜並木の通り),神奈川県,足柄上郡山北町,35.35666667,139.0816667,3月28日,4月6日,4月13日,3月6日,ソメイヨシノ,,
383,名所,5410,///,新発田城址公園,新潟県,新発田市,37.9525,139.3283333,4月14日,4月15日,4月22日,3月6日,ソメイヨシノ,,
384,名所,5410,///,弁天潟風致公園,新潟県,北蒲原郡聖籠町,37.96055556,139.2661111,4月9日,4月11日,4月18日,3月6日,ソメイヨシノ,,
385,名所,5410,///,桜遊歩道公園,新潟県,新潟市南区,37.84055556,139.0263889,4月10日,4月13日,4月20日,3月6日,ソメイヨシノ,,
386,名所,5420,///,湯沢中央公園,新潟県,南魚沼郡湯沢町,36.92972222,138.8375,4月23日,4月25日,5月2日,3月6日,ソメイヨシノ,,
387,名所,5420,///,魚野川桜づつみ,新潟県,魚沼市,37.21555556,138.9627778,4月22日,4月24日,5月1日,3月6日,ソメイヨシノ,,
388,名所,5420,///,小出公園,新潟県,魚沼市,37.22388889,138.9558333,4月22日,4月24日,5月1日,3月6日,ソメイヨシノ,,
389,名所,5410,///,瓢湖水きん公園,新潟県,阿賀野市,37.83722222,139.2408333,4月10日,4月12日,4月19日,3月6日,ソメイヨシノ,,
390,名所,5410,///,信濃川やすらぎ堤緑地,新潟県,新潟市中央区,37.90861111,139.0427778,4月7日,4月10日,4月17日,3月6日,ソメイヨシノ,,
391,名所,5440,///,新穂ダム,新潟県,佐渡市,38.00361111,138.4516667,4月15日,4月17日,4月24日,3月6日,ソメイヨシノ,,
392,名所,5440,///,真野公園,新潟県,佐渡市,37.95333333,138.3477778,4月13日,4月15日,4月22日,3月6日,ソメイヨシノ,,
393,名所,5410,///,桜公園,新潟県,新発田市,38.01555556,139.3980556,4月16日,4月18日,4月25日,3月6日,ソメイヨシノ,,
394,名所,5410,///,村松公園,新潟県,五泉市,37.68972222,139.1913889,4月14日,4月16日,4月23日,3月6日,ソメイヨシノ,,
395,名所,5410,///,秋葉公園,新潟県,新潟市秋葉区,37.78388889,139.1394444,4月12日,4月14日,4月21日,3月6日,ソメイヨシノ,,
396,名所,5410,///,鳥屋野潟,新潟県,新潟市中央区,37.89194444,139.0675,4月7日,4月11日,4月18日,3月6日,ソメイヨシノ,,
397,名所,5410,///,大河津分水,新潟県,燕市,37.61083333,138.8444444,4月10日,4月13日,4月20日,3月6日,ソメイヨシノ,,
398,名所,5410,///,弥彦公園,新潟県,西蒲原郡弥彦村,37.69583333,138.8313889,4月9日,4月12日,4月19日,3月6日,ソメイヨシノ,,
399,名所,5430,///,経塚山公園,新潟県,妙高市,37.01416667,138.2536111,4月14日,4月16日,4月23日,3月6日,ソメイヨシノ,,
400,名所,5410,///,加治川堤,新潟県,新発田市,37.99083333,139.3,4月10日,4月12日,4月19日,3月6日,ソメイヨシノ,,
401,名所,5410,///,白山公園,新潟県,新潟市中央区,37.91472222,139.0391667,4月7日,4月9日,4月16日,3月6日,ソメイヨシノ,,
402,名所,5430,///,高田公園,新潟県,上越市,37.10611111,138.2575,4月9日,4月11日,4月18日,3月6日,ソメイヨシノ,,
403,名所,5420,///,赤坂山公園,新潟県,柏崎市,37.35527778,138.5455556,4月10日,4月13日,4月20日,3月6日,ソメイヨシノ,,
404,名所,5420,///,悠久山公園,新潟県,長岡市,37.42694444,138.885,4月18日,4月20日,4月27日,3月6日,ソメイヨシノ,,
405,名所,5430,///,美山公園,新潟県,糸魚川市,37.02166667,137.8622222,4月9日,4月12日,4月19日,3月6日,ソメイヨシノ,,
406,名所,5520,///,内川周辺の桜並木,富山県,射水市,36.77638889,137.0936111,4月9日,4月11日,4月18日,3月6日,ソメイヨシノ,,
407,名所,5510,///,富山県常願寺川公園,富山県,中新川郡立山町,36.68944444,137.2847222,4月9日,4月11日,4月18日,3月6日,ソメイヨシノ,,
408,名所,5520,///,安居寺公園,富山県,南砺市,36.59861111,136.8847222,4月10日,4月12日,4月19日,3月6日,ソメイヨシノ,,
409,名所,5520,///,小矢部川公園千本桜,富山県,南砺市,36.5525,136.8763889,4月11日,4月12日,4月19日,3月6日,ソメイヨシノ,,
410,名所,5520,///,東洋紡績(株)富山事業所　庄川工場,富山県,射水市,36.73472222,137.0525,4月8日,4月11日,4月18日,3月6日,ソメイヨシノ,,
411,名所,5520,///,薬勝寺池公園,富山県,射水市,36.69694444,137.0894444,4月9日,4月12日,4月19日,3月6日,ソメイヨシノ,,
412,名所,5520,///,下条川千本桜,富山県,射水市,36.71805556,137.1013889,4月9日,4月11日,4月18日,3月6日,ソメイヨシノ,,
413,名所,5520,///,太閤山ランド,富山県,射水市,36.6875,137.1044444,4月9日,4月12日,4月19日,3月6日,ソメイヨシノ,,
414,名所,5510,///,富山市民俗民芸村,富山県,富山市,36.70722222,137.1925,4月7日,4月10日,4月17日,3月6日,ソメイヨシノ,,
415,名所,5520,///,庄川水記念公園,富山県,砺波市,36.56972222,136.9983333,4月12日,4月13日,4月20日,3月6日,ソメイヨシノ,,
416,名所,5520,///,城山公園,富山県,小矢部市,36.67916667,136.8661111,4月9日,4月12日,4月19日,3月6日,ソメイヨシノ,,
417,名所,5520,///,岸渡川堤,富山県,高岡市,36.70888889,136.9338889,4月9日,4月11日,4月18日,3月6日,ソメイヨシノ,,
418,名所,5520,///,高岡古城公園,富山県,高岡市,36.74611111,137.025,4月8日,4月10日,4月17日,3月6日,ソメイヨシノ,,
419,名所,5520,///,朝日山公園,富山県,氷見市,36.85138889,136.9861111,4月11日,4月12日,4月19日,3月6日,ソメイヨシノ,,
420,名所,5510,///,呉羽山公園,富山県,富山市,36.70861111,137.1919444,4月7日,4月10日,4月17日,3月6日,ソメイヨシノ,,
421,名所,5510,///,常西用水　プロムナード公園,富山県,富山市,36.60861111,137.3075,4月13日,4月13日,4月20日,3月6日,ソメイヨシノ,,
422,名所,5510,///,宮野運動公園,富山県,黒部市,36.86333333,137.4813889,4月13日,4月14日,4月21日,3月6日,ソメイヨシノ,,
423,名所,5510,///,松川辺り,富山県,富山市,36.69111111,137.2138889,4月7日,4月10日,4月17日,3月6日,ソメイヨシノ,,
424,名所,5510,///,城ケ山公園,富山県,富山市,36.57055556,137.1358333,4月10日,4月12日,4月19日,3月6日,ソメイヨシノ,,
425,名所,5510,///,富山県中央植物園,富山県,富山市,36.65638889,137.1847222,4月8日,4月11日,4月18日,3月6日,ソメイヨシノ,,
426,名所,5610,///,石川県林業試験場樹木公園,石川県,白山市,36.42861111,136.6425,4月12日,4月16日,4月23日,3月6日,ソメイヨシノ,,
427,名所,5620,///,總持寺祖院,石川県,輪島市,37.28333333,136.7727778,4月11日,4月16日,4月23日,3月6日,ソメイヨシノ,,
428,名所,5620,///,能登町柳田植物公園,石川県,鳳珠郡能登町,37.33194444,137.1416667,4月13日,4月17日,4月24日,3月6日,ソメイヨシノ,,
429,名所,5620,///,七尾市希望の丘公園,石川県,七尾市,37.03027778,136.9902778,4月9日,4月14日,4月21日,3月6日,ソメイヨシノ,,
430,名所,5610,///,熊坂川河畔,石川県,加賀市,36.30138889,136.3105556,4月6日,4月12日,4月19日,3月6日,ソメイヨシノ,,
431,名所,5610,///,大堰宮公園,石川県,加賀市,36.28305556,136.3547222,4月6日,4月11日,4月18日,3月6日,ソメイヨシノ,,
432,名所,5610,///,芦城公園,石川県,小松市,36.40694444,136.4508333,4月5日,4月11日,4月18日,3月6日,ソメイヨシノ,,
433,名所,5610,///,特別名勝兼六園,石川県,金沢市,36.55861111,136.6652778,4月5日,4月11日,4月18日,3月6日,ソメイヨシノ,,
434,名所,5610,///,卯辰山公園,石川県,金沢市,36.56722222,136.6819444,4月4日,4月11日,4月18日,3月6日,ソメイヨシノ,,
435,名所,5620,///,小丸山公園,石川県,七尾市,37.04333333,136.9622222,4月7日,4月13日,4月20日,3月6日,ソメイヨシノ,,
436,名所,5620,///,一本松公園,石川県,輪島市,37.38833333,136.9116667,4月10日,4月15日,4月22日,3月6日,ソメイヨシノ,,
437,名所,5620,///,能登さくら駅(能登鹿島駅),石川県,鳳珠郡穴水町,37.17666667,136.9008333,4月25日,4月22日,4月29日,3月6日,ソメイヨシノ,,
438,名所,5620,///,志乎・桜の里　古墳公園,石川県,羽咋郡宝達志水町,36.85222222,136.8188889,4月8日,4月14日,4月21日,3月6日,ソメイヨシノ,,
439,名所,5710,///,越前陶芸村,福井県,丹生郡越前町,35.93222222,136.0633333,4月10日,4月10日,4月17日,3月6日,ソメイヨシノ,,
440,名所,5710,///,九頭竜湖,福井県,大野市,35.88583333,136.6925,4月25日,4月24日,5月1日,3月6日,ソメイヨシノ,,
441,名所,5710,///,越前の里　味真野苑,福井県,越前市,35.88222222,136.2402778,4月11日,4月11日,4月18日,3月6日,ソメイヨシノ,,
442,名所,5710,///,足羽川桜並木,福井県,福井市,36.06027778,136.2086111,4月6日,4月7日,4月14日,3月6日,ソメイヨシノ,,
443,名所,5720,///,小浜公園,福井県,小浜市,35.48916667,135.7363889,4月8日,4月8日,4月15日,3月6日,ソメイヨシノ,,
444,名所,5720,///,金崎宮(金ヶ崎公園),福井県,敦賀市,35.66138889,136.0769444,4月6日,4月7日,4月14日,3月6日,ソメイヨシノ,,
445,名所,5710,///,花筐公園,福井県,越前市,35.91555556,136.2408333,4月8日,4月9日,4月16日,3月6日,ソメイヨシノ,,
446,名所,5710,///,西山公園,福井県,鯖江市,35.9475,136.1847222,4月6日,4月7日,4月14日,3月6日,ソメイヨシノ,,
447,名所,5710,///,足羽山公園,福井県,福井市,36.05055556,136.2075,4月6日,4月7日,4月14日,3月6日,ソメイヨシノ,,
448,名所,5710,///,勝山弁天桜(九頭竜河畔),福井県,勝山市,36.055,136.4986111,4月11日,4月10日,4月17日,3月6日,ソメイヨシノ,,
449,名所,5710,///,丸岡城(霞ヶ城公園),福井県,坂井市,36.14916667,136.275,4月7日,4月7日,4月14日,3月6日,ソメイヨシノ,,
450,名所,5710,///,亀山公園,福井県,大野市,35.98388889,136.4861111,4月11日,4月10日,4月17日,3月6日,ソメイヨシノ,,
451,名所,4910,///,大善寺,山梨県,甲州市,35.65277778,138.7461111,4月4日,4月10日,4月17日,3月6日,ソメイヨシノ,,
452,名所,4910,///,山の神千本桜,山梨県,中央市,35.54944444,138.5616667,4月12日,4月17日,4月24日,3月6日,ソメイヨシノ,,
453,名所,4910,///,妙了寺の桜,山梨県,南アルプス市,35.60222222,138.4413889,3月31日,4月7日,4月14日,3月6日,ソメイヨシノ,,
454,名所,4910,///,山高神代桜,山梨県,北杜市,35.77722222,138.3705556,1月0日,1月0日,1月7日,3月6日,エドヒガン,,
455,名所,4910,///,舞鶴城公園,山梨県,甲府市,35.66111111,138.5744444,3月29日,4月6日,4月13日,3月6日,ソメイヨシノ,,
456,名所,4920,///,河口湖畔(北岸),山梨県,南都留郡富士河口湖町,35.52,138.7697222,4月15日,4月20日,4月27日,3月6日,ソメイヨシノ,,
457,名所,4910,///,甚六桜,山梨県,甲州市,35.67,138.7461111,4月2日,4月9日,4月16日,3月6日,ソメイヨシノ,,
458,名所,4920,///,岩殿山丸山公園,山梨県,大月市,35.61527778,138.9527778,4月4日,4月10日,4月17日,3月6日,ソメイヨシノ,,
459,名所,4910,///,清春芸術村,山梨県,北杜市,35.81944444,138.3561111,4月9日,4月14日,4月21日,3月6日,ソメイヨシノ,,
460,名所,4910,///,さくら温泉通り,山梨県,笛吹市,35.655,138.6513889,3月31日,4月7日,4月14日,3月6日,ソメイヨシノ,,
461,名所,4920,///,冨士御室浅間神社,山梨県,南都留郡富士河口湖町,35.50722222,138.7486111,4月13日,4月17日,4月24日,3月6日,ソメイヨシノ,,
462,名所,4910,///,武田神社,山梨県,甲府市,35.68333333,138.58,3月31日,4月7日,4月14日,3月6日,ソメイヨシノ,,
463,名所,4910,///,身延山久遠寺,山梨県,南巨摩郡身延町,35.37833333,138.4286111,4月4日,4月10日,4月17日,3月6日,ソメイヨシノ,,
464,名所,4910,///,大法師公園,山梨県,南巨摩郡鰍沢町,35.54222222,138.4566667,3月31日,4月8日,4月15日,3月6日,ソメイヨシノ,,
465,名所,4820,///,福王寺,長野県,佐久市,36.25805556,138.3425,4月20日,4月23日,4月30日,3月6日,ソメイヨシノ,,
466,名所,4830,///,大西公園,長野県,下伊那郡大鹿村,35.55694444,138.0380556,4月13日,4月17日,4月24日,3月6日,ソメイヨシノ,,
467,名所,4810,///,鵜山の桜並木,長野県,北安曇郡池田町,36.37388889,137.8991667,4月19日,4月23日,4月30日,3月6日,ソメイヨシノ,,
468,名所,4820,///,軽井沢プリンスホテル,長野県,北佐久郡軽井沢町,36.33416667,138.6366667,4月23日,4月28日,5月5日,3月6日,ソメイヨシノ,,
469,名所,4810,///,戸倉宿キティパーク,長野県,千曲市,36.49083333,138.1605556,4月22日,4月26日,5月3日,3月6日,ソメイヨシノ,,
470,名所,4820,///,平尾山公園,長野県,佐久市,36.27833333,138.5127778,4月23日,4月26日,5月3日,3月6日,ソメイヨシノ,,
471,名所,4820,///,小諸城址　懐古園,長野県,小諸市,36.32416667,138.4208333,4月13日,4月17日,4月24日,3月6日,ソメイヨシノ,,
472,名所,4820,///,上田城跡公園,長野県,上田市,36.40166667,138.2475,4月10日,4月13日,4月20日,3月6日,ソメイヨシノ,,
473,名所,4810,///,戸倉上山田温泉　城山の桜,長野県,千曲市,36.47638889,138.1397222,4月12日,4月16日,4月23日,3月6日,ソメイヨシノ,,
474,名所,4810,///,雲上殿,長野県,長野市,36.66722222,138.1916667,4月13日,4月16日,4月23日,3月6日,ソメイヨシノ,,
475,名所,4810,///,長野市城山公園,長野県,長野市,36.66055556,138.1944444,4月11日,4月14日,4月21日,3月6日,ソメイヨシノ,,
476,名所,4820,///,茨城牧場　長野支場,長野県,佐久市,36.25194444,138.4955556,4月16日,4月20日,4月27日,3月6日,ソメイヨシノ,,
477,名所,4820,///,稲荷山公園,長野県,佐久市,36.18916667,138.4852778,4月19日,4月23日,4月30日,3月6日,ソメイヨシノ,,
478,名所,4810,///,飯山城址,長野県,飯山市,36.85305556,138.3691667,4月20日,4月23日,4月30日,3月6日,ソメイヨシノ,,
479,名所,4820,///,国宝　松本城,長野県,松本市,36.23555556,137.9719444,4月10日,4月14日,4月21日,3月6日,ソメイヨシノ,,
480,名所,4820,///,松本市城山公園,長野県,松本市,36.24361111,137.9580556,4月10日,4月14日,4月21日,3月6日,ソメイヨシノ,,
481,名所,4810,///,大町公園,長野県,大町市,36.50166667,137.8727778,4月30日,5月3日,5月10日,3月6日,ソメイヨシノ,,
482,名所,4820,///,水月公園,長野県,諏訪郡下諏訪町,36.08138889,138.0877778,4月18日,4月22日,4月29日,3月6日,ソメイヨシノ,,
483,名所,4820,///,高島公園,長野県,諏訪市,36.03555556,138.1152778,4月15日,4月18日,4月25日,3月6日,ソメイヨシノ,,
484,名所,4810,///,臥竜公園,長野県,須坂市,36.64055556,138.3163889,4月12日,4月16日,4月23日,3月6日,ソメイヨシノ,,
485,名所,4820,///,安曇野市豊科光城山,長野県,安曇野市,36.31527778,137.9455556,4月17日,4月21日,4月28日,3月6日,ソメイヨシノ,,
486,名所,4810,///,松代城跡,長野県,長野市,36.5625,138.1988889,4月11日,4月14日,4月21日,3月6日,ソメイヨシノ,,
487,名所,4820,///,弘法山古墳,長野県,松本市,36.21,137.9861111,4月11日,4月15日,4月22日,3月6日,ソメイヨシノ,,
488,名所,4810,///,飯山西大滝ダム,長野県,飯山市,36.97472222,138.4877778,4月28日,5月1日,5月8日,3月6日,ソメイヨシノ,,
489,名所,4830,///,荒神山公園,長野県,上伊那郡辰野町,35.96361111,137.9955556,4月14日,4月17日,4月24日,3月6日,ソメイヨシノ,,
490,名所,4830,///,千人塚公園,長野県,上伊那郡飯島町,35.66666667,137.8961111,4月14日,4月18日,4月25日,3月6日,ソメイヨシノ,,
491,名所,4830,///,飯田市大宮通り桜並木,長野県,飯田市,35.51694444,137.8305556,4月1日,4月5日,4月12日,3月6日,ソメイヨシノ,,
492,名所,5210,///,奥矢作湖畔桜並木,岐阜県,恵那市,35.23333333,137.4516667,4月12日,4月16日,4月23日,3月6日,ソメイヨシノ,,
493,名所,5210,///,墨俣一夜城址・犀川堤,岐阜県,大垣市,35.36388889,136.6902778,3月28日,4月4日,4月11日,3月6日,ソメイヨシノ,,
494,名所,5210,///,寺尾ヶ原千本桜公園,岐阜県,関市,35.57222222,136.8397222,4月2日,4月7日,4月14日,3月6日,ソメイヨシノ,,
495,名所,5210,///,平田公園と大榑川桜並木,岐阜県,海津市,35.26472222,136.6477778,3月28日,4月4日,4月11日,3月6日,ソメイヨシノ,,
496,名所,5210,///,関川の桜,岐阜県,関市,35.48722222,136.9133333,3月30日,4月5日,4月12日,3月6日,ソメイヨシノ,,
497,名所,5210,///,吉田川の桜,岐阜県,関市,35.48,136.9283333,3月29日,4月4日,4月11日,3月6日,ソメイヨシノ,,
498,名所,5210,///,関善光寺の桜,岐阜県,関市,35.48611111,136.9180556,3月29日,4月4日,4月11日,3月6日,ソメイヨシノ,,
499,名所,5210,///,愛宕公園,岐阜県,郡上市,35.7475,136.9683333,4月7日,4月10日,4月17日,3月6日,ソメイヨシノ,,
500,名所,5220,///,城山公園,岐阜県,高山市,36.13361111,137.2669444,4月19日,4月23日,4月30日,3月6日,ソメイヨシノ,,
501,名所,5220,///,江名子川沿い,岐阜県,高山市,36.14305556,137.2613889,4月19日,4月22日,4月29日,3月6日,ソメイヨシノ,,
502,名所,5220,///,宮川緑地公園,岐阜県,高山市,36.15138889,137.2580556,4月18日,4月21日,4月28日,3月6日,ソメイヨシノ,,
503,名所,5220,///,中橋周辺,岐阜県,高山市,36.13666667,137.2622222,4月19日,4月22日,4月29日,3月6日,ソメイヨシノ,,
504,名所,5210,///,霞間ヶ渓,岐阜県,揖斐郡池田町,35.4275,136.55,3月30日,4月5日,4月12日,3月6日,ソメイヨシノ,,
505,名所,5210,///,生活環境保全林「みたけの森」,岐阜県,可児郡御嵩町,35.41527778,137.1325,4月1日,4月6日,4月13日,3月6日,ソメイヨシノ,,
506,名所,5210,///,イビデンの桜並木,岐阜県,揖斐郡揖斐川町,35.57388889,136.465,4月9日,4月12日,4月19日,3月6日,ソメイヨシノ,,
507,名所,5210,///,新境川堤の桜並木,岐阜県,各務原市,35.39611111,136.8436111,3月27日,4月3日,4月10日,3月6日,ソメイヨシノ,,
508,名所,5210,///,伊吹山ドライブウェイ,岐阜県,不破郡関ヶ原町 ,35.39944444,136.4283333,4月19日,4月23日,4月30日,3月6日,ソメイヨシノ,,
509,名所,5210,///,恵那峡,岐阜県,恵那市,35.47805556,137.4094444,4月2日,4月7日,4月14日,3月6日,ソメイヨシノ,,
510,名所,5210,///,本町公園,岐阜県,中津川市,35.4925,137.5019444,4月2日,4月6日,4月13日,3月6日,ソメイヨシノ,,
511,名所,5210,///,苗木さくら公園,岐阜県,中津川市,35.52166667,137.4644444,4月3日,4月8日,4月15日,3月6日,ソメイヨシノ,,
512,名所,5210,///,水道山,岐阜県,岐阜市,35.41833333,136.7708333,3月27日,4月3日,4月10日,3月6日,ソメイヨシノ,,
513,名所,5210,///,岐阜公園長良川堤,岐阜県,岐阜市,35.43333333,136.7775,3月29日,4月4日,4月11日,3月6日,ソメイヨシノ,,
514,名所,5210,///,養老公園,岐阜県,養老郡養老町,35.28,136.5522222,3月31日,4月5日,4月12日,3月6日,ソメイヨシノ,,
515,名所,5210,///,谷汲山華厳寺,岐阜県,揖斐郡揖斐川町,35.53388889,136.6105556,3月31日,4月6日,4月13日,3月6日,ソメイヨシノ,,
516,名所,5210,///,相川水辺公園,岐阜県,不破郡垂井町,35.36944444,136.5316667,3月30日,4月5日,4月12日,3月6日,ソメイヨシノ,,
517,名所,5010,///,駿府公園,静岡県,静岡市葵区,34.97555556,138.3861111,3月25日,4月4日,4月11日,3月6日,ソメイヨシノ,,
518,名所,5030,///,冨士霊園,静岡県,駿東郡小山町,35.36888889,138.9094444,4月8日,4月13日,4月20日,3月6日,ソメイヨシノ,,
519,名所,5020,///,さくらの里,静岡県,伊東市,34.90305556,139.0936111,4月1日,4月9日,4月16日,3月6日,ソメイヨシノ,,
520,名所,5020,///,狩野川さくら公園,静岡県,伊豆の国市,35.04416667,138.9394444,3月29日,4月7日,4月14日,3月6日,ソメイヨシノ,,
521,名所,5020,///,黄金崎公園,静岡県,賀茂郡西伊豆町,34.83833333,138.7694444,3月31日,4月8日,4月15日,3月6日,ソメイヨシノ,,
522,名所,5040,///,秋葉ダム千本桜,静岡県,浜松市天竜区,34.96888889,137.8294444,4月1日,4月8日,4月15日,3月6日,ソメイヨシノ,,
523,名所,5040,///,小國神社,静岡県,周智郡森町,34.84416667,137.9022222,3月29日,4月7日,4月14日,3月6日,ソメイヨシノ,,
524,名所,5040,///,太田川桜堤,静岡県,周智郡森町,34.83916667,137.9391667,3月29日,4月7日,4月14日,3月6日,ソメイヨシノ,,
525,名所,5030,///,駿河平自然公園,静岡県,駿東郡長泉町,35.17083333,138.8708333,4月1日,4月10日,4月17日,3月6日,ソメイヨシノ,,
526,名所,5040,///,粟ヶ岳の桜,静岡県,掛川市,34.83805556,138.0702778,4月1日,4月9日,4月16日,3月6日,ソメイヨシノ,,
527,名所,5040,///,はままつフラワーパーク,静岡県,浜松市西区,34.75972222,137.6355556,3月28日,4月6日,4月13日,3月6日,ソメイヨシノ,,
528,名所,5010,///,木屋川堤,静岡県,焼津市,34.82888889,138.3244444,3月27日,4月6日,4月13日,3月6日,ソメイヨシノ,,
529,名所,5030,///,大石寺,静岡県,富士宮市,35.27805556,138.5888889,3月31日,4月9日,4月16日,3月6日,ソメイヨシノ,,
530,名所,5010,///,蓮華寺池公園,静岡県,藤枝市,34.87055556,138.2566667,3月26日,4月5日,4月12日,3月6日,ソメイヨシノ,,
531,名所,5040,///,はままつフルーツパーク,静岡県,浜松市北区,34.84,137.7327778,3月28日,4月7日,4月14日,3月6日,ソメイヨシノ,,
532,名所,5010,///,河原町旧堤防,静岡県,島田市,34.82861111,138.1563889,3月28日,4月6日,4月13日,3月6日,ソメイヨシノ,,
533,名所,5040,///,高松神社,静岡県,御前崎市,34.65027778,138.0958333,3月28日,4月7日,4月14日,3月6日,ソメイヨシノ,,
534,名所,5010,///,勝間田川沿い,静岡県,牧之原市,34.73527778,138.2222222,3月28日,4月7日,4月14日,3月6日,ソメイヨシノ,,
535,名所,5020,///,松崎町,静岡県,賀茂郡松崎町,34.75,138.7980556,3月31日,4月8日,4月15日,3月6日,ソメイヨシノ,,
536,名所,5020,///,千歳川沿い,静岡県,熱海市,35.14055556,139.0886111,3月31日,4月8日,4月15日,3月6日,ソメイヨシノ,,
537,名所,5040,///,ヤマハリゾート　つま恋,静岡県,掛川市,34.76527778,138.0425,3月28日,4月7日,4月14日,3月6日,ソメイヨシノ,,
538,名所,5020,///,伊豆高原桜並木,静岡県,伊東市,34.88583333,139.1069444,3月29日,4月6日,4月13日,3月6日,ソメイヨシノ,,
539,名所,5010,///,日本平,静岡県,静岡市清水区,34.97055556,138.4688889,3月30日,4月8日,4月15日,3月6日,ソメイヨシノ,,
540,名所,5030,///,三嶋大社,静岡県,三島市,35.11888889,138.9219444,3月27日,4月5日,4月12日,3月6日,ソメイヨシノ,,
541,名所,5010,///,御殿山,静岡県,静岡市清水区,35.11916667,138.6097222,3月28日,4月6日,4月13日,3月6日,ソメイヨシノ,,
542,名所,5010,///,静岡浅間神社,静岡県,静岡市葵区,34.98,138.3786111,3月25日,4月4日,4月11日,3月6日,ソメイヨシノ,,
543,名所,5010,///,藤枝金比羅山,静岡県,藤枝市,34.8625,138.2486111,3月26日,4月5日,4月12日,3月6日,ソメイヨシノ,,
544,名所,5040,///,鳥羽山公園,静岡県,浜松市天竜区,34.85472222,137.8086111,3月28日,4月6日,4月13日,3月6日,ソメイヨシノ,,
545,名所,5040,///,法多山,静岡県,袋井市,34.73222222,137.9777778,3月30日,4月8日,4月15日,3月6日,ソメイヨシノ,,
546,名所,5040,///,浜松城公園,静岡県,浜松市中区,34.70916667,137.7277778,3月27日,4月5日,4月12日,3月6日,ソメイヨシノ,,
547,名所,5030,///,富士仏舎利塔平和公園,静岡県,御殿場市,35.28138889,138.9591667,4月10日,4月15日,4月22日,3月6日,ソメイヨシノ,,
548,名所,5040,///,奥山公園,静岡県,浜松市北区,34.84444444,137.6158333,4月1日,4月9日,4月16日,3月6日,ソメイヨシノ,,
549,名所,5110,///,鶴舞公園,愛知県,名古屋市昭和区,35.15166667,136.9227778,3月23日,4月3日,4月10日,3月6日,ソメイヨシノ,,
550,名所,5110,///,尾張大國霊神社,愛知県,稲沢市,35.25277778,136.8080556,3月25日,4月4日,4月11日,3月6日,ソメイヨシノ,,
551,名所,5110,///,大山緑地,愛知県,高浜市,34.93027778,136.9883333,3月24日,4月3日,4月10日,3月6日,ソメイヨシノ,,
552,名所,5120,///,諏訪の桜トンネル,愛知県,豊川市,34.82416667,137.3780556,3月23日,4月2日,4月9日,3月6日,ソメイヨシノ,,
553,名所,5110,///,大口町　五条川の桜並木,愛知県,丹羽郡大口町,35.32722222,136.9102778,3月24日,4月3日,4月10日,3月6日,ソメイヨシノ,,
554,名所,5110,///,岩屋堂公園,愛知県,瀬戸市,35.23666667,137.1477778,4月4日,4月11日,4月18日,3月6日,ソメイヨシノ,,
555,名所,5110,///,清洲公園,愛知県,清須市,35.21361111,136.8438889,3月24日,4月3日,4月10日,3月6日,ソメイヨシノ,,
556,名所,5110,///,荒子川公園,愛知県,名古屋市港区,35.09972222,136.8630556,3月24日,4月3日,4月10日,3月6日,ソメイヨシノ,,
557,名所,5110,///,水源公園,愛知県,豊田市,35.04555556,137.1811111,3月25日,4月4日,4月11日,3月6日,ソメイヨシノ,,
558,名所,5120,///,音羽川堤,愛知県,豊川市,34.84111111,137.3222222,3月24日,4月3日,4月10日,3月6日,ソメイヨシノ,,
559,名所,5110,///,博物館　明治村,愛知県,犬山市,35.34,136.9930556,3月27日,4月5日,4月12日,3月6日,ソメイヨシノ,,
560,名所,5110,///,山崎川四季の道,愛知県,名古屋市瑞穂区,35.12833333,136.9455556,3月23日,4月2日,4月9日,3月6日,ソメイヨシノ,,
561,名所,5110,///,桜ネックレス,愛知県,稲沢市,35.20222222,136.7419444,3月26日,4月4日,4月11日,3月6日,ソメイヨシノ,,
562,名所,5110,///,祖父江町体育館,愛知県,稲沢市,35.24916667,136.7277778,3月26日,4月4日,4月11日,3月6日,ソメイヨシノ,,
563,名所,5110,///,愛知県緑化センター,愛知県,豊田市,35.15555556,137.1955556,3月28日,4月6日,4月13日,3月6日,ソメイヨシノ,,
564,名所,5120,///,佐奈川堤,愛知県,豊川市,34.82361111,137.3788889,3月23日,4月2日,4月9日,3月6日,ソメイヨシノ,,
565,名所,5110,///,名古屋城,愛知県,名古屋市中区,35.18222222,136.9019444,3月23日,4月3日,4月10日,3月6日,ソメイヨシノ,,
566,名所,5110,///,明石公園(愛知県),愛知県,碧南市,34.9025,136.9866667,3月24日,4月3日,4月10日,3月6日,ソメイヨシノ,,
567,名所,5110,///,亀城公園,愛知県,刈谷市,34.98527778,136.9875,3月25日,4月4日,4月11日,3月6日,ソメイヨシノ,,
568,名所,5110,///,岡崎公園,愛知県,岡崎市,34.95305556,137.1616667,3月24日,4月3日,4月10日,3月6日,ソメイヨシノ,,
569,名所,5110,///,定光寺公園,愛知県,瀬戸市,35.27666667,137.0936111,3月28日,4月6日,4月13日,3月6日,ソメイヨシノ,,
570,名所,5110,///,犬山市木曽川河畔一帯,愛知県,犬山市,35.385,136.9419444,3月26日,4月4日,4月11日,3月6日,ソメイヨシノ,,
571,名所,5110,///,木曽川堤,愛知県,一宮市,35.35444444,136.8111111,3月24日,4月4日,4月11日,3月6日,ソメイヨシノ,,
572,名所,5120,///,桜淵公園,愛知県,新城市,34.89111111,137.5080556,3月26日,4月4日,4月11日,3月6日,ソメイヨシノ,,
573,名所,5120,///,愛知県民の森,愛知県,新城市,34.99138889,137.6294444,3月28日,4月6日,4月13日,3月6日,ソメイヨシノ,,
574,名所,5310,///,君ヶ野ダム公園,三重県,津市,34.59527778,136.3230556,4月1日,4月7日,4月14日,3月6日,ソメイヨシノ,,
575,名所,5320,///,大滝峡自然公園,三重県,度会郡大紀町,34.34833333,136.4047222,3月28日,4月4日,4月11日,3月6日,ソメイヨシノ,,
576,名所,5310,///,鍋田川堤桜並木,三重県,桑名郡木曽岬町,35.09833333,136.7255556,3月27日,4月3日,4月10日,3月6日,ソメイヨシノ,,
577,名所,5310,///,亀山公園,三重県,亀山市,34.85416667,136.4525,3月30日,4月5日,4月12日,3月6日,ソメイヨシノ,,
578,名所,5320,///,城山公園,三重県,鳥羽市,34.47555556,136.8397222,3月28日,4月4日,4月11日,3月6日,ソメイヨシノ,,
579,名所,5310,///,湯の山温泉,三重県,三重郡菰野町,35.01111111,136.4480556,4月8日,4月12日,4月19日,3月6日,ソメイヨシノ,,
580,名所,5310,///,松坂城跡(松阪公園),三重県,松阪市,34.57222222,136.5283333,3月27日,4月3日,4月10日,3月6日,ソメイヨシノ,,
581,名所,5310,///,津偕楽公園,三重県,津市,34.72833333,136.5091667,3月29日,4月4日,4月11日,3月6日,ソメイヨシノ,,
582,名所,5320,///,田丸城跡,三重県,度会郡玉城町,34.48638889,136.6311111,3月28日,4月4日,4月11日,3月6日,ソメイヨシノ,,
583,名所,5320,///,宮川堤,三重県,伊勢市,34.49166667,136.6888889,3月28日,4月4日,4月11日,3月6日,ソメイヨシノ,,
584,名所,5310,///,上野公園,三重県,伊賀市,34.76666667,136.13,3月31日,4月6日,4月13日,3月6日,ソメイヨシノ,,
585,名所,6020,///,金剛輪寺,滋賀県,愛知郡愛荘町,35.15805556,136.2858333,4月4日,4月9日,4月16日,3月6日,ソメイヨシノ,,
586,名所,6020,///,西明寺,滋賀県,犬上郡甲良町,35.18,136.2883333,4月4日,4月9日,4月16日,3月6日,ソメイヨシノ,,
587,名所,6010,///,「国史跡」釈迦山　百済寺(湖東三山),滋賀県,東近江市,35.12333333,136.2941667,4月5日,4月10日,4月17日,3月6日,ソメイヨシノ,,
588,名所,6020,///,虎御前山,滋賀県,東浅井郡虎姫町,35.44166667,136.2658333,4月1日,4月7日,4月14日,3月6日,ソメイヨシノ,,
589,名所,6010,///,滋賀県立近江富士花緑公園,滋賀県,野洲市,35.04888889,136.0461111,4月2日,4月8日,4月15日,3月6日,ソメイヨシノ,,
590,名所,6010,///,水口古城山,滋賀県,甲賀市,34.96666667,136.1836111,4月2日,4月8日,4月15日,3月6日,ソメイヨシノ,,
591,名所,6010,///,野洲川河畔岩上橋付近,滋賀県,甲賀市,34.95444444,136.1994444,4月2日,4月8日,4月15日,3月6日,ソメイヨシノ,,
592,名所,6010,///,にごり池自然公園,滋賀県,湖南市,35.00055556,136.1258333,4月2日,4月8日,4月15日,3月6日,ソメイヨシノ,,
593,名所,6010,///,雨山文化運動公園,滋賀県,湖南市,35.00194444,136.0461111,4月2日,4月8日,4月15日,3月6日,ソメイヨシノ,,
594,名所,6010,///,うぐい川,滋賀県,甲賀市,34.95833333,136.34,4月4日,4月9日,4月16日,3月6日,ソメイヨシノ,,
595,名所,6010,///,じゅらくの里,滋賀県,湖南市,34.98694444,136.0588889,4月2日,4月8日,4月15日,3月6日,ソメイヨシノ,,
596,名所,6020,///,醒井養鱒場,滋賀県,米原市,35.29666667,136.3416667,4月4日,4月9日,4月16日,3月6日,ソメイヨシノ,,
597,名所,6020,///,国宝・彦根城,滋賀県,彦根市,35.27305556,136.255,4月3日,4月8日,4月15日,3月6日,ソメイヨシノ,,
598,名所,6010,///,安土城跡,滋賀県,蒲生郡安土町,35.15222222,136.1419444,4月1日,4月7日,4月14日,3月6日,ソメイヨシノ,,
599,名所,6010,///,石山寺,滋賀県,大津市,34.95722222,135.9086111,4月1日,4月7日,4月14日,3月6日,ソメイヨシノ,,
600,名所,6020,///,海津大崎,滋賀県,高島市,35.44583333,136.0902778,4月3日,4月9日,4月16日,3月6日,ソメイヨシノ,,
601,名所,6010,///,びわ湖バレイ,滋賀県,大津市,35.20944444,135.8936111,4月9日,4月13日,4月20日,3月6日,ソメイヨシノ,,
602,名所,6010,///,三井寺(園城寺),滋賀県,大津市,35.01,135.8555556,3月31日,4月7日,4月14日,3月6日,ソメイヨシノ,,
603,名所,6020,///,豊公園(長浜城),滋賀県,長浜市,35.37305556,136.2661111,4月2日,4月8日,4月15日,3月6日,ソメイヨシノ,,
604,名所,6010,///,南郷水産センター,滋賀県,大津市,34.93555556,135.915,3月30日,4月6日,4月13日,3月6日,ソメイヨシノ,,
605,名所,6110,///,地蔵禅院,京都府,綴喜郡井手町,34.80027778,135.8219444,3月30日,4月7日,4月14日,3月6日,ソメイヨシノ,,
606,名所,6110,///,玉川の桜,京都府,綴喜郡井手町,34.795,135.8122222,3月29日,4月5日,4月12日,3月6日,ソメイヨシノ,,
607,名所,6120,///,共楽公園,京都府,舞鶴市,35.4725,135.3672222,3月31日,4月7日,4月14日,3月6日,ソメイヨシノ,,
608,名所,6120,///,峯空園,京都府,京丹後市,35.59694444,135.0894444,3月30日,4月6日,4月13日,3月6日,ソメイヨシノ,,
609,名所,6110,///,長岡天満宮周辺の桜,京都府,長岡京市,34.91916667,135.6886111,3月28日,4月5日,4月12日,3月6日,ソメイヨシノ,,
610,名所,6110,///,二尊院,京都府,京都市右京区,35.01777778,135.6705556,3月29日,4月5日,4月12日,3月6日,ソメイヨシノ,,
611,名所,6110,///,和らぎの道(七谷川沿い),京都府,亀岡市,35.04222222,135.5844444,3月31日,4月7日,4月14日,3月6日,ソメイヨシノ,,
612,名所,6110,///,向日神社の桜,京都府,向日市,34.94083333,135.6997222,3月28日,4月5日,4月12日,3月6日,ソメイヨシノ,,
613,名所,6110,///,わち山野草の森,京都府,船井郡京丹波町,35.26083333,135.3975,4月2日,4月9日,4月16日,3月6日,ソメイヨシノ,,
614,名所,6110,///,法金剛院,京都府,京都市右京区,35.01583333,135.7186111,3月28日,4月4日,4月11日,3月6日,ソメイヨシノ,,
615,名所,6110,///,京都府立関西文化学術研究都市記念公園(けいはんな記念公園),京都府,相楽郡精華町,34.74361111,135.7786111,3月28日,4月5日,4月12日,3月6日,ソメイヨシノ,,
616,名所,6110,///,上賀茂神社,京都府,京都市北区,35.05444444,135.7547222,3月29日,4月6日,4月13日,3月6日,ソメイヨシノ,,
617,名所,6120,///,京都府・緑化センター,京都府,福知山市,35.33888889,134.9269444,4月1日,4月8日,4月15日,3月6日,ソメイヨシノ,,
618,名所,6110,///,鴻ノ巣山,京都府,城陽市,34.85333333,135.7988889,3月29日,4月5日,4月12日,3月6日,ソメイヨシノ,,
619,名所,6110,///,虚空蔵谷川,京都府,京田辺市,34.83833333,135.7422222,3月28日,4月5日,4月12日,3月6日,ソメイヨシノ,,
620,名所,6110,///,木津川畔,京都府,相楽郡笠置町,34.75666667,135.9388889,3月30日,4月6日,4月13日,3月6日,ソメイヨシノ,,
621,名所,6120,///,大内峠一字観公園,京都府,与謝郡与謝野町,35.56166667,135.1386111,3月31日,4月7日,4月14日,3月6日,ソメイヨシノ,,
622,名所,6120,///,板列公園,京都府,与謝郡与謝野町,35.56611111,135.1552778,3月30日,4月7日,4月14日,3月6日,ソメイヨシノ,,
623,名所,6110,///,元離宮二条城(清流園),京都府,京都市中京区,35.01055556,135.7505556,3月27日,4月4日,4月11日,3月6日,ソメイヨシノ,,
624,名所,6110,///,醍醐寺,京都府,京都市伏見区,34.94777778,135.8263889,3月31日,4月7日,4月14日,3月6日,ソメイヨシノ,,
625,名所,6110,///,毘沙門堂,京都府,京都市山科区,34.99805556,135.8216667,3月29日,4月6日,4月13日,3月6日,ソメイヨシノ,,
626,名所,6110,///,勧修寺,京都府,京都市山科区,34.95833333,135.81,3月29日,4月5日,4月12日,3月6日,ソメイヨシノ,,
627,名所,6110,///,平安神宮　神苑,京都府,京都市左京区,35.01277778,135.7852778,3月29日,4月5日,4月12日,3月6日,ソメイヨシノ,,
628,名所,6110,///,京都府立植物園,京都府,京都市左京区,35.045,135.7658333,3月29日,4月5日,4月12日,3月6日,ソメイヨシノ,,
629,名所,6110,///,八瀬周辺,京都府,京都市左京区,35.0625,135.8111111,4月3日,4月9日,4月16日,3月6日,ソメイヨシノ,,
630,名所,6110,///,御室(仁和寺),京都府,京都市右京区,35.02666667,135.7163889,3月28日,4月5日,4月12日,3月6日,ソメイヨシノ,,
631,名所,6110,///,嵐山,京都府,京都市右京区,35.00916667,135.6805556,3月29日,4月5日,4月12日,3月6日,ソメイヨシノ,,
632,名所,6110,///,石清水八幡宮,京都府,八幡市,34.87638889,135.7027778,3月28日,4月5日,4月12日,3月6日,ソメイヨシノ,,
633,名所,6110,///,宇治橋上流,京都府,宇治市,34.88722222,135.8102778,3月29日,4月5日,4月12日,3月6日,ソメイヨシノ,,
634,名所,6110,///,三千院門跡,京都府,京都市左京区,35.11638889,135.8372222,4月4日,4月10日,4月17日,3月6日,ソメイヨシノ,,
635,名所,6110,///,円山公園,京都府,京都市東山区,35,135.7841667,3月29日,4月5日,4月12日,3月6日,ソメイヨシノ,,
636,名所,6110,///,龍安寺,京都府,京都市右京区,35.03055556,135.7208333,3月29日,4月5日,4月12日,3月6日,ソメイヨシノ,,
637,名所,6110,///,天龍寺,京都府,京都市右京区,35.0125,135.6766667,3月28日,4月5日,4月12日,3月6日,ソメイヨシノ,,
638,名所,6110,///,山科疏水,京都府,京都市山科区,34.99138889,135.8302778,3月30日,4月6日,4月13日,3月6日,ソメイヨシノ,,
639,名所,6110,///,浄土宗　総本山　知恩院,京都府,京都市東山区,35.00194444,135.7861111,3月29日,4月5日,4月12日,3月6日,ソメイヨシノ,,
640,名所,6110,///,元離宮二条城,京都府,京都市中京区,35.01055556,135.7505556,3月28日,4月5日,4月12日,3月6日,ソメイヨシノ,,
641,名所,6110,///,山城総合運動公園,京都府,宇治市,34.86666667,135.8086111,3月29日,4月5日,4月12日,3月6日,ソメイヨシノ,,
642,名所,6110,///,木屋町通り,京都府,京都市下京区,35.00083333,135.7694444,3月28日,4月5日,4月12日,3月6日,ソメイヨシノ,,
643,名所,6110,///,笠置山自然公園,京都府,相楽郡笠置町,34.75083333,135.9425,3月30日,4月7日,4月14日,3月6日,ソメイヨシノ,,
644,名所,6120,///,福知山城,京都府,福知山市,35.29361111,135.1325,3月31日,4月7日,4月14日,3月6日,ソメイヨシノ,,
645,名所,6120,///,傘松公園,京都府,宮津市,35.58277778,135.1977778,3月30日,4月6日,4月13日,3月6日,ソメイヨシノ,,
646,名所,6120,///,三段池公園,京都府,福知山市,35.30833333,135.1377778,3月30日,4月6日,4月13日,3月6日,ソメイヨシノ,,
647,名所,6110,///,旧嵯峨御所　大覚寺門跡,京都府,京都市右京区,35.02888889,135.6794444,3月28日,4月5日,4月12日,3月6日,ソメイヨシノ,,
648,名所,6200,///,永楽ダム及びダム周辺,大阪府,泉南郡熊取町,34.36861111,135.3780556,3月28日,4月5日,4月12日,3月6日,ソメイヨシノ,,
649,名所,6200,///,元茨木川緑地,大阪府,茨木市,34.80277778,135.5738889,3月27日,4月4日,4月11日,3月6日,ソメイヨシノ,,
650,名所,6200,///,大井関公園,大阪府,泉佐野市,34.36583333,135.3461111,3月27日,4月4日,4月11日,3月6日,ソメイヨシノ,,
651,名所,6200,///,弘川寺,大阪府,南河内郡河南町,34.47111111,135.6555556,3月30日,4月6日,4月13日,3月6日,ソメイヨシノ,,
652,名所,6200,///,岸和田城周辺,大阪府,岸和田市,34.45527778,135.3733333,3月27日,4月4日,4月11日,3月6日,ソメイヨシノ,,
653,名所,6200,///,勝運の寺　勝尾寺,大阪府,箕面市,34.86583333,135.4911111,3月31日,4月7日,4月14日,3月6日,ソメイヨシノ,,
654,名所,6200,///,五月山公園,大阪府,池田市,34.82888889,135.4344444,3月28日,4月5日,4月12日,3月6日,ソメイヨシノ,,
655,名所,6200,///,念法眞教　総本山　金剛寺, 大阪府,大阪市鶴見区,34.71472222,135.5658333,3月27日,4月4日,4月11日,3月6日,ソメイヨシノ,,
656,名所,6200,///,摂津峡公園,大阪府,高槻市,34.87555556,135.5866667,3月27日,4月4日,4月11日,3月6日,ソメイヨシノ,,
657,名所,6200,///,ひらかたパーク,大阪府,枚方市,34.80222222,135.6413889,3月28日,4月5日,4月12日,3月6日,ソメイヨシノ,,
658,名所,6200,///,万博記念公園,大阪府,吹田市,34.80722222,135.535,3月27日,4月4日,4月11日,3月6日,ソメイヨシノ,,
659,名所,6200,///,茨木辯天,大阪府,茨木市,34.82222222,135.5538889,3月27日,4月4日,4月11日,3月6日,ソメイヨシノ,,
660,名所,6200,///,毛馬桜之宮公園,大阪府,大阪市北区,34.70166667,135.5216667,3月26日,4月3日,4月10日,3月6日,ソメイヨシノ,,
661,名所,6200,///,大阪城公園,大阪府,大阪市中央区,34.68138889,135.5344444,3月27日,4月4日,4月11日,3月6日,ソメイヨシノ,,
662,名所,6200,///,狭山池公園,大阪府,大阪狭山市,34.50055556,135.5402778,3月27日,4月4日,4月11日,3月6日,ソメイヨシノ,,
663,名所,6200,///,星田妙見宮(妙見河原),大阪府,交野市,34.75611111,135.6811111,3月28日,4月5日,4月12日,3月6日,ソメイヨシノ,,
664,名所,6200,///,総本山　四天王寺,大阪府,大阪市天王寺区,34.65055556,135.5191667,3月26日,4月3日,4月10日,3月6日,ソメイヨシノ,,
665,名所,6200,///,慈光苑,大阪府,岸和田市,34.43611111,135.4191667,3月27日,4月4日,4月11日,3月6日,ソメイヨシノ,,
666,名所,6200,///,大仙公園,大阪府,堺市堺区,34.55388889,135.4825,3月26日,4月3日,4月10日,3月6日,ソメイヨシノ,,
667,名所,6200,///,黒鳥山公園,大阪府,和泉市,34.48333333,135.4475,3月27日,4月4日,4月11日,3月6日,ソメイヨシノ,,
668,名所,6200,///,山中渓の桜,大阪府,阪南市,34.32194444,135.2730556,3月29日,4月5日,4月12日,3月6日,ソメイヨシノ,,
669,名所,6200,///,大阪府立近つ飛鳥博物館,大阪府,南河内郡河南町,34.50305556,135.6438889,3月28日,4月5日,4月12日,3月6日,ソメイヨシノ,,
670,名所,6310,///,宝塚(花のみち),兵庫県,宝塚市,34.80527778,135.3472222,3月30日,4月5日,4月12日,3月6日,ソメイヨシノ,,
671,名所,6310,///,丹波市立　大杉ダム自然公園,兵庫県,丹波市,35.245,135.1052778,4月4日,4月9日,4月16日,3月6日,ソメイヨシノ,,
672,名所,6320,///,立雲峡,兵庫県,朝来市,35.28416667,134.8441667,4月8日,4月11日,4月18日,3月6日,ソメイヨシノ,,
673,名所,6310,///,音水湖(引原ダム)周辺,兵庫県,宍粟市,35.23805556,134.5527778,4月10日,4月13日,4月20日,3月6日,ソメイヨシノ,,
674,名所,6310,///,川代公園,兵庫県,丹波市,35.07555556,135.1136111,4月5日,4月9日,4月16日,3月6日,ソメイヨシノ,,
675,名所,6310,///,であい公園,兵庫県,丹波市,35.06916667,135.0113889,4月4日,4月9日,4月16日,3月6日,ソメイヨシノ,,
676,名所,6320,///,清滝小学校,兵庫県,豊岡市,35.48444444,134.6991667,4月4日,4月9日,4月16日,3月6日,ソメイヨシノ,,
677,名所,6310,///,水分れ公園,兵庫県,丹波市,35.14777778,135.0758333,4月5日,4月10日,4月17日,3月6日,ソメイヨシノ,,
678,名所,6320,///,神武山公園,兵庫県,豊岡市,35.53638889,134.8233333,4月2日,4月7日,4月14日,3月6日,ソメイヨシノ,,
679,名所,6310,///,夙川公園(夙川河川敷緑地),兵庫県,西宮市,34.74472222,135.3319444,3月30日,4月5日,4月12日,3月6日,ソメイヨシノ,,
680,名所,6310,///,白毫寺,兵庫県,丹波市,35.19277778,135.0969444,4月3日,4月8日,4月15日,3月6日,ソメイヨシノ,,
681,名所,6310,///,神戸市立王子動物園,兵庫県,神戸市灘区,34.70638889,135.2169444,3月30日,4月5日,4月12日,3月6日,ソメイヨシノ,,
682,名所,6310,///,須磨浦公園,兵庫県,神戸市須磨区,34.63916667,135.1005556,3月30日,4月5日,4月12日,3月6日,ソメイヨシノ,,
683,名所,6310,///,明石公園,兵庫県,明石市,34.65111111,134.9947222,4月1日,4月6日,4月13日,3月6日,ソメイヨシノ,,
684,名所,6310,///,日岡山公園,兵庫県,加古川市,34.77555556,134.8655556,4月1日,4月6日,4月13日,3月6日,ソメイヨシノ,,
685,名所,6310,///,鹿島・扇平自然公園,兵庫県,高砂市,34.80666667,134.7766667,3月31日,4月6日,4月13日,3月6日,ソメイヨシノ,,
686,名所,6310,///,姫路城,兵庫県,姫路市,34.83611111,134.6963889,4月1日,4月7日,4月14日,3月6日,ソメイヨシノ,,
687,名所,6310,///,龍野公園,兵庫県,たつの市,34.865,134.5430556,4月1日,4月7日,4月14日,3月6日,ソメイヨシノ,,
688,名所,6310,///,赤穂東御崎公園,兵庫県,赤穂市,34.72611111,134.4158333,3月25日,4月1日,4月8日,3月6日,ソメイヨシノ,,
689,名所,6310,///,伊丹瑞ケ池公園,兵庫県,伊丹市,34.795,135.3980556,3月30日,4月5日,4月12日,3月6日,ソメイヨシノ,,
690,名所,6310,///,播磨中央公園　さくらの園,兵庫県,加東市,34.935,134.9422222,4月1日,4月6日,4月13日,3月6日,ソメイヨシノ,,
691,名所,6310,///,篠山城跡・王地山公園,兵庫県,篠山市,35.07,135.2202778,4月5日,4月10日,4月17日,3月6日,ソメイヨシノ,,
692,名所,6320,///,出石城跡,兵庫県,豊岡市,35.45722222,134.8769444,4月4日,4月9日,4月16日,3月6日,ソメイヨシノ,,
693,名所,6320,///,城崎温泉,兵庫県,豊岡市,35.6225,134.8083333,4月2日,4月8日,4月15日,3月6日,ソメイヨシノ,,
694,名所,6410,///,葛城山麓公園,奈良県,葛城市,34.47305556,135.7086111,3月28日,4月4日,4月11日,3月6日,ソメイヨシノ,,
695,名所,6410,///,金峯山寺蔵王堂,奈良県,吉野郡吉野町,34.365,135.8613889,3月30日,4月6日,4月13日,3月6日,ソメイヨシノ,,
696,名所,6410,///,月ヶ瀬湖畔,奈良県,奈良市,34.70222222,136.0327778,3月29日,4月5日,4月12日,3月6日,ソメイヨシノ,,
697,名所,6410,///,法隆寺境内,奈良県,生駒郡斑鳩町,34.61083333,135.7369444,3月26日,4月3日,4月10日,3月6日,ソメイヨシノ,,
698,名所,6420,///,下北山スポーツ公園,奈良県,吉野郡下北山村,34.04777778,135.9625,3月26日,4月3日,4月10日,3月6日,ソメイヨシノ,,
699,名所,6410,///,大神神社,奈良県,桜井市,34.52527778,135.8552778,3月28日,4月4日,4月11日,3月6日,ソメイヨシノ,,
700,名所,6410,///,奈良公園,奈良県,奈良市,34.67833333,135.8436111,3月27日,4月4日,4月11日,3月6日,ソメイヨシノ,,
701,名所,6410,///,郡山城跡,奈良県,大和郡山市,34.64861111,135.7830556,3月27日,4月4日,4月11日,3月6日,ソメイヨシノ,,
702,名所,6410,///,信貴山　朝護孫子寺,奈良県,生駒郡平群町,34.60611111,135.6736111,3月27日,4月4日,4月11日,3月6日,ソメイヨシノ,,
703,名所,6410,///,三室山,奈良県,生駒郡斑鳩町,34.59694444,135.7177778,3月25日,4月2日,4月9日,3月6日,ソメイヨシノ,,
704,名所,6410,///,高田川畔,奈良県,大和高田市,34.5075,135.7397222,3月28日,4月5日,4月12日,3月6日,ソメイヨシノ,,
705,名所,6410,///,石上神宮外苑公園,奈良県,天理市,34.59277778,135.8530556,3月29日,4月5日,4月12日,3月6日,ソメイヨシノ,,
706,名所,6410,///,長谷寺,奈良県,桜井市,34.5325,135.9094444,3月29日,4月5日,4月12日,3月6日,ソメイヨシノ,,
707,名所,6410,///,安倍文殊院,奈良県,桜井市,34.50055556,135.8441667,3月28日,4月4日,4月11日,3月6日,ソメイヨシノ,,
708,名所,6410,///,柳生芳徳禅寺周辺,奈良県,奈良市,34.72805556,135.9566667,3月30日,4月6日,4月13日,3月6日,ソメイヨシノ,,
709,名所,6410,///,談山神社,奈良県,桜井市,34.4625,135.8644444,3月31日,4月7日,4月14日,3月6日,ソメイヨシノ,,
710,名所,6520,///,七川ダム湖畔,和歌山県,東牟婁郡古座川町,33.59416667,135.6991667,3月26日,4月4日,4月11日,3月6日,ソメイヨシノ,,
711,名所,6510,///,日の岬パーク,和歌山県,日高郡美浜町,33.88055556,135.0661111,3月27日,4月5日,4月12日,3月6日,ソメイヨシノ,,
712,名所,6510,///,亀池公園,和歌山県,海南市,34.1525,135.2625,3月28日,4月5日,4月12日,3月6日,ソメイヨシノ,,
713,名所,6510,///,和歌山城,和歌山県,和歌山市,34.22416667,135.1741667,3月27日,4月5日,4月12日,3月6日,ソメイヨシノ,,
714,名所,6510,///,和歌の浦(高津子山),和歌山県,和歌山市,34.18444444,135.1586111,3月24日,4月2日,4月9日,3月6日,ソメイヨシノ,,
715,名所,6510,///,紀三井寺,和歌山県,和歌山市,34.18166667,135.1927778,3月27日,4月5日,4月12日,3月6日,ソメイヨシノ,,
716,名所,6520,///,動鳴気峡,和歌山県,田辺市,33.75527778,135.3866667,3月26日,4月4日,4月11日,3月6日,ソメイヨシノ,,
717,名所,6520,///,平草原公園,和歌山県,西牟婁郡白浜町,33.66694444,135.3516667,3月26日,4月4日,4月11日,3月6日,ソメイヨシノ,,
718,名所,6510,///,根来寺,和歌山県,岩出市,34.28388889,135.3191667,3月29日,4月6日,4月13日,3月6日,ソメイヨシノ,,
719,名所,6510,///,粉河寺,和歌山県,紀の川市,34.2775,135.4086111,3月29日,4月6日,4月13日,3月6日,ソメイヨシノ,,
720,名所,6910,///,袋川桜土手,鳥取県,鳥取市,35.49555556,134.2319444,3月31日,4月6日,4月13日,3月6日,ソメイヨシノ,,
721,名所,6920,///,萩原桜並木,鳥取県,西伯郡大山町,35.45055556,133.5930556,4月2日,4月7日,4月14日,3月6日,ソメイヨシノ,,
722,名所,6920,///,木ノ根神社,鳥取県,西伯郡大山町,35.51416667,133.5525,3月28日,4月4日,4月11日,3月6日,ソメイヨシノ,,
723,名所,6910,///,鳥取城跡・久松公園,鳥取県,鳥取市,35.50416667,134.2394444,3月31日,4月6日,4月13日,3月6日,ソメイヨシノ,,
724,名所,6910,///,鹿野城跡公園,鳥取県,鳥取市,35.45611111,134.0683333,3月30日,4月6日,4月13日,3月6日,ソメイヨシノ,,
725,名所,6920,///,打吹公園,鳥取県,倉吉市,35.42472222,133.8261111,3月31日,4月6日,4月13日,3月6日,ソメイヨシノ,,
726,名所,6920,///,名和公園,鳥取県,西伯郡大山町,35.50138889,133.4977778,3月29日,4月5日,4月12日,3月6日,ソメイヨシノ,,
727,名所,6920,///,境台場公園,鳥取県,境港市,35.54333333,133.2452778,3月30日,4月5日,4月12日,3月6日,ソメイヨシノ,,
728,名所,6920,///,湊山公園,鳥取県,米子市,35.425,133.3236111,3月29日,4月5日,4月12日,3月6日,ソメイヨシノ,,
729,名所,6920,///,城山公園・法勝寺川土手,鳥取県,西伯郡南部町,35.33361111,133.3294444,3月30日,4月5日,4月12日,3月6日,ソメイヨシノ,,
730,名所,6910,///,智頭川畔　桜土手,鳥取県,八頭郡智頭町,35.26305556,134.2344444,4月3日,4月8日,4月15日,3月6日,ソメイヨシノ,,
731,名所,6820,///,江津丸子山公園,島根県,江津市,35.00833333,132.2238889,3月29日,4月3日,4月10日,3月6日,ソメイヨシノ,,
732,名所,6820,///,妙用寺,島根県,邑智郡美郷町,35.06194444,132.6055556,4月1日,4月5日,4月12日,3月6日,ソメイヨシノ,,
733,名所,6810,///,チェリーロード,島根県,松江市,35.5725,133.0844444,3月31日,4月5日,4月12日,3月6日,ソメイヨシノ,,
734,名所,6810,///,三刀屋川河川敷,島根県,雲南市,35.28805556,132.8766667,4月1日,4月5日,4月12日,3月6日,ソメイヨシノ,,
735,名所,6820,///,野坂の桜ロード,島根県,浜田市,34.79305556,132.0702778,4月1日,4月5日,4月12日,3月6日,ソメイヨシノ,,
736,名所,6810,///,安来公園,島根県,安来市,35.42194444,133.2527778,3月30日,4月3日,4月10日,3月6日,ソメイヨシノ,,
737,名所,6810,///,清水公園,島根県,安来市,35.39972222,133.2833333,3月30日,4月4日,4月11日,3月6日,ソメイヨシノ,,
738,名所,6810,///,松江城山公園,島根県,松江市,35.47222222,133.0530556,3月31日,4月5日,4月12日,3月6日,ソメイヨシノ,,
739,名所,6810,///,玉湯川堤,島根県,松江市,35.42083333,133.0113889,3月31日,4月4日,4月11日,3月6日,ソメイヨシノ,,
740,名所,6810,///,斐伊川堤防桜並木,島根県,雲南市,35.29166667,132.9030556,4月1日,4月5日,4月12日,3月6日,ソメイヨシノ,,
741,名所,6810,///,愛宕山公園,島根県,出雲市,35.43722222,132.8213889,3月31日,4月5日,4月12日,3月6日,ソメイヨシノ,,
742,名所,6810,///,一の谷公園,島根県,出雲市,35.35527778,132.7744444,3月30日,4月4日,4月11日,3月6日,ソメイヨシノ,,
743,名所,6810,///,出雲大社神苑,島根県,出雲市,35.39722222,132.6877778,3月31日,4月4日,4月11日,3月6日,ソメイヨシノ,,
744,名所,6820,///,金比羅山公園,島根県,邑智郡川本町,34.98555556,132.4955556,3月31日,4月5日,4月12日,3月6日,ソメイヨシノ,,
745,名所,6820,///,城山公園,島根県,浜田市,34.89888889,132.0761111,3月28日,4月2日,4月9日,3月6日,ソメイヨシノ,,
746,名所,6820,///,鷲原公園,島根県,鹿足郡津和野町,34.45083333,131.7588889,3月31日,4月5日,4月12日,3月6日,ソメイヨシノ,,
747,名所,6620,///,農村型リゾート　クリエイト菅谷,岡山県,真庭市,35.14861111,133.6088889,4月5日,4月10日,4月17日,3月6日,ソメイヨシノ,,
748,名所,6620,///,美甘宿場桜,岡山県,真庭市,35.15805556,133.6105556,4月3日,4月8日,4月15日,3月6日,ソメイヨシノ,,
749,名所,6620,///,三休公園,岡山県,久米郡美咲町,34.96916667,133.8252778,3月31日,4月6日,4月13日,3月6日,ソメイヨシノ,,
750,名所,6620,///,レイクパーク加茂,岡山県,津山市,35.23194444,134.0486111,4月5日,4月9日,4月16日,3月6日,ソメイヨシノ,,
751,名所,6610,///,金川桜並木,岡山県,岡山市北区,34.7925,133.9377778,3月28日,4月4日,4月11日,3月6日,ソメイヨシノ,,
752,名所,6610,///,丸山公園,岡山県,浅口市,34.5525,133.6266667,3月27日,4月2日,4月9日,3月6日,ソメイヨシノ,,
753,名所,6610,///,特別史跡旧閑谷学校,岡山県,備前市,34.7925,134.2227778,3月31日,4月6日,4月13日,3月6日,ソメイヨシノ,,
754,名所,6610,///,鶴形山公園,岡山県,倉敷市,34.59444444,133.7755556,3月26日,4月2日,4月9日,3月6日,ソメイヨシノ,,
755,名所,6610,///,種松山公園西園地,岡山県,倉敷市,34.53666667,133.7886111,3月27日,4月3日,4月10日,3月6日,ソメイヨシノ,,
756,名所,6610,///,里見川周辺緑地,岡山県,浅口市,34.53805556,133.6258333,3月26日,4月2日,4月9日,3月6日,ソメイヨシノ,,
757,名所,6610,///,白谷公園,岡山県,高梁市,34.77833333,133.5480556,3月28日,4月4日,4月11日,3月6日,ソメイヨシノ,,
758,名所,6610,///,岡山いこいの村周辺,岡山県,瀬戸内市,34.69472222,134.2269444,3月29日,4月4日,4月11日,3月6日,ソメイヨシノ,,
759,名所,6610,///,岡山後楽園,岡山県,岡山市北区,34.66388889,133.9383333,3月26日,4月2日,4月9日,3月6日,ソメイヨシノ,,
760,名所,6610,///,岡山市半田山植物園,岡山県,岡山市北区,34.68972222,133.9325,3月26日,4月2日,4月9日,3月6日,ソメイヨシノ,,
761,名所,6610,///,RSKバラ園,岡山県,岡山市北区,34.64416667,133.8372222,3月25日,4月1日,4月8日,3月6日,ソメイヨシノ,,
762,名所,6610,///,由加山蓮台寺,岡山県,倉敷市,34.50222222,133.8530556,3月28日,4月4日,4月11日,3月6日,ソメイヨシノ,,
763,名所,6610,///,みやま公園,岡山県,玉野市,34.51611111,133.9288889,3月28日,4月3日,4月10日,3月6日,ソメイヨシノ,,
764,名所,6610,///,早島公園,岡山県,都窪郡早島町,34.60333333,133.8286111,3月26日,4月2日,4月9日,3月6日,ソメイヨシノ,,
765,名所,6610,///,古城山公園,岡山県,笠岡市,34.4975,133.5088889,3月27日,4月3日,4月10日,3月6日,ソメイヨシノ,,
766,名所,6620,///,津山城(鶴山公園),岡山県,津山市,35.06,134.0075,3月29日,4月4日,4月11日,3月6日,ソメイヨシノ,,
767,名所,6620,///,城山公園,岡山県,新見市,34.98305556,133.4691667,3月30日,4月5日,4月12日,3月6日,ソメイヨシノ,,
768,名所,6610,///,紺屋川美観地区,岡山県,高梁市,34.79333333,133.6191667,3月28日,4月4日,4月11日,3月6日,ソメイヨシノ,,
769,名所,6610,///,なりわ太鼓丸公園,岡山県,高梁市,34.77611111,133.5355556,3月29日,4月5日,4月12日,3月6日,ソメイヨシノ,,
770,名所,6610,///,芳嵐園,岡山県,和気郡和気町,34.81527778,134.1775,3月29日,4月4日,4月11日,3月6日,ソメイヨシノ,,
771,名所,6610,///,酒津公園,岡山県,倉敷市,34.60805556,133.7525,3月27日,4月3日,4月10日,3月6日,ソメイヨシノ,,
772,名所,6610,///,井原堤,岡山県,井原市,34.60277778,133.4661111,3月28日,4月3日,4月10日,3月6日,ソメイヨシノ,,
773,名所,6610,///,相原公園,岡山県,井原市,34.57277778,133.4569444,3月27日,4月3日,4月10日,3月6日,ソメイヨシノ,,
774,名所,6620,///,がいせん桜,岡山県,真庭郡新庄村,35.17305556,133.5719444,4月5日,4月9日,4月16日,3月6日,ソメイヨシノ,,
775,名所,6610,///,池田動物園,岡山県,岡山市北区,34.67194444,133.9083333,3月26日,4月2日,4月9日,3月6日,ソメイヨシノ,,
776,名所,6710,///,亀居公園,広島県,大竹市,34.23805556,132.2188889,3月26日,4月3日,4月10日,3月6日,ソメイヨシノ,,
777,名所,6710,///,住吉堤防敷,広島県,廿日市市,34.34638889,132.3425,3月25日,4月2日,4月9日,3月6日,ソメイヨシノ,,
778,名所,6710,///,桂公園,広島県,廿日市市,34.35416667,132.3447222,3月25日,4月3日,4月10日,3月6日,ソメイヨシノ,,
779,名所,6710,///,真道山千本桜,広島県,江田島市,34.20361111,132.4561111,3月26日,4月3日,4月10日,3月6日,ソメイヨシノ,,
780,名所,6710,///,ちゅーピーパーク,広島県,廿日市市,34.305,132.2933333,3月26日,4月3日,4月10日,3月6日,ソメイヨシノ,,
781,名所,6710,///,広島市植物公園,広島県,広島市佐伯区,34.38888889,132.3488889,3月25日,4月2日,4月9日,3月6日,ソメイヨシノ,,
782,名所,6710,///,福山城公園,広島県,福山市,34.48722222,133.3633333,3月28日,4月4日,4月11日,3月6日,ソメイヨシノ,,
783,名所,6710,///,千光寺公園,広島県,尾道市,34.40694444,133.1986111,3月27日,4月4日,4月11日,3月6日,ソメイヨシノ,,
784,名所,6710,///,三室山公園,広島県,府中市,34.57972222,133.2261111,3月28日,4月4日,4月11日,3月6日,ソメイヨシノ,,
785,名所,6710,///,世羅　甲山ふれあいの里,広島県,世羅郡世羅町,34.62805556,133.1486111,4月1日,4月7日,4月14日,3月6日,ソメイヨシノ,,
786,名所,6710,///,筆影山山頂展望台,広島県,三原市,34.3725,133.0838889,3月28日,4月4日,4月11日,3月6日,ソメイヨシノ,,
787,名所,6710,///,正福寺山公園,広島県,東広島市,34.31527778,132.8252778,3月26日,4月3日,4月10日,3月6日,ソメイヨシノ,,
788,名所,6710,///,音戸の瀬戸公園,広島県,呉市,34.19888889,132.5530556,3月25日,4月2日,4月9日,3月6日,ソメイヨシノ,,
789,名所,6710,///,平和記念公園,広島県,広島市中区,34.38944444,132.455,3月25日,4月2日,4月9日,3月6日,ソメイヨシノ,,
790,名所,6710,///,比治山公園,広島県,広島市南区,34.38111111,132.4755556,3月25日,4月3日,4月10日,3月6日,ソメイヨシノ,,
791,名所,6720,///,尾関山公園,広島県,三次市,34.81055556,132.8422222,3月29日,4月5日,4月12日,3月6日,ソメイヨシノ,,
792,名所,6710,///,宮島,広島県,廿日市市,34.29138889,132.3202778,3月27日,4月4日,4月11日,3月6日,ソメイヨシノ,,
793,名所,6720,///,上野公園,広島県,庄原市,34.85416667,133.0258333,3月29日,4月5日,4月12日,3月6日,ソメイヨシノ,,
794,名所,6710,///,江波山公園,広島県,広島市中区,34.36222222,132.4355556,3月25日,4月2日,4月9日,3月6日,ソメイヨシノ,,
795,名所,6720,///,八千代湖周辺,広島県,安芸高田市,34.64083333,132.6247222,3月30日,4月6日,4月13日,3月6日,ソメイヨシノ,,
796,名所,6710,///,バンブー・ジョイ・ハイランド,広島県,竹原市,34.33388889,132.9333333,3月27日,4月4日,4月11日,3月6日,ソメイヨシノ,,
797,名所,6710,///,御調八幡宮,広島県,三原市,34.4675,133.0836111,3月30日,4月6日,4月13日,3月6日,ソメイヨシノ,,
798,名所,8120,///,防府天満宮,山口県,防府市,34.05972222,131.5763889,3月27日,4月3日,4月10日,3月6日,ソメイヨシノ,,
799,名所,8110,///,功山寺,山口県,下関市,33.99305556,130.9838889,3月27日,4月2日,4月9日,3月6日,ソメイヨシノ,,
800,名所,8120,///,一の坂川,山口県,山口市,34.17944444,131.4794444,3月27日,4月2日,4月9日,3月6日,ソメイヨシノ,,
801,名所,8140,///,厚狭川河畔,山口県,美祢市,34.16361111,131.2075,3月28日,4月3日,4月10日,3月6日,ソメイヨシノ,,
802,名所,8140,///,秋吉台家族旅行村,山口県,美祢市,34.22666667,131.295,3月28日,4月3日,4月10日,3月6日,ソメイヨシノ,,
803,名所,8120,///,永源山公園,山口県,周南市,34.07416667,131.7708333,3月28日,4月3日,4月10日,3月6日,ソメイヨシノ,,
804,名所,8110,///,竜王山公園,山口県,山陽小野田市,33.95361111,131.1702778,3月28日,4月3日,4月10日,3月6日,ソメイヨシノ,,
805,名所,8130,///,吉香公園,山口県,岩国市,34.16583333,132.1777778,3月28日,4月3日,4月10日,3月6日,ソメイヨシノ,,
806,名所,8110,///,老の山公園,山口県,下関市,33.94361111,130.9072222,3月27日,4月2日,4月9日,3月6日,ソメイヨシノ,,
807,名所,8110,///,戦場ヶ原公園,山口県,下関市,33.97222222,130.9336111,3月27日,4月3日,4月10日,3月6日,ソメイヨシノ,,
808,名所,8130,///,柳井ウェルネスパーク,山口県,柳井市,33.97944444,132.0858333,3月27日,4月2日,4月9日,3月6日,ソメイヨシノ,,
809,名所,8110,///,今富ダム公園,山口県,宇部市,34.08805556,131.2552778,3月27日,4月2日,4月9日,3月6日,ソメイヨシノ,,
810,名所,8120,///,大原湖(佐波川ダム),山口県,山口市,34.29444444,131.6847222,3月31日,4月6日,4月13日,3月6日,ソメイヨシノ,,
811,名所,8120,///,花岡八幡宮,山口県,下松市,34.03583333,131.8744444,3月28日,4月3日,4月10日,3月6日,ソメイヨシノ,,
812,名所,8110,///,若山公園,山口県,山陽小野田市,33.97444444,131.1852778,3月28日,4月3日,4月10日,3月6日,ソメイヨシノ,,
813,名所,8110,///,火の山公園,山口県,下関市,33.96888889,130.9608333,3月26日,4月2日,4月9日,3月6日,ソメイヨシノ,,
814,名所,8130,///,錦帯橋,山口県,岩国市,34.16472222,132.1797222,3月28日,4月3日,4月10日,3月6日,ソメイヨシノ,,
815,名所,8130,///,田布施川,山口県,熊毛郡田布施町,33.95194444,132.0438889,3月27日,4月2日,4月9日,3月6日,ソメイヨシノ,,
816,名所,8120,///,毛利氏庭園,山口県,防府市,34.06027778,131.5902778,3月27日,4月3日,4月10日,3月6日,ソメイヨシノ,,
817,名所,8120,///,切戸川,山口県,下松市,34.01222222,131.8719444,3月28日,4月3日,4月10日,3月6日,ソメイヨシノ,,
818,名所,8120,///,香山公園,山口県,山口市,34.18583333,131.4744444,3月27日,4月2日,4月9日,3月6日,ソメイヨシノ,,
819,名所,8140,///,徳佐八幡宮,山口県,阿武郡阿東町,34.39305556,131.7286111,4月1日,4月6日,4月13日,3月6日,ソメイヨシノ,,
820,名所,8110,///,ときわ公園,山口県,宇部市,33.94444444,131.2852778,3月27日,4月2日,4月9日,3月6日,ソメイヨシノ,,
821,名所,8110,///,日和山公園,山口県,下関市,33.95138889,130.9333333,3月26日,4月1日,4月8日,3月6日,ソメイヨシノ,,
822,名所,8140,///,萩城跡指月公園,山口県,萩市,34.41472222,131.3852778,3月26日,4月2日,4月9日,3月6日,ソメイヨシノ,,
823,名所,8140,///,川島堤,山口県,萩市,34.39777778,131.4122222,3月26日,4月1日,4月8日,3月6日,ソメイヨシノ,,
824,名所,8140,///,笠山,山口県,萩市,34.44638889,131.4041667,3月25日,4月1日,4月8日,3月6日,ソメイヨシノ,,
825,名所,8140,///,大寧寺,山口県,長門市,34.32527778,131.1652778,3月28日,4月3日,4月10日,3月6日,ソメイヨシノ,,
826,名所,7110,///,於安パーク,徳島県,美馬郡つるぎ町,34.02388889,134.0266667,3月27日,4月6日,4月13日,3月6日,ソメイヨシノ,,
827,名所,7110,///,眉山公園,徳島県,徳島市,34.06361111,134.5352778,3月26日,4月5日,4月12日,3月6日,ソメイヨシノ,,
828,名所,7110,///,西部公園,徳島県,徳島市,34.06611111,134.5158333,3月28日,4月6日,4月13日,3月6日,ソメイヨシノ,,
829,名所,7110,///,妙見山公園,徳島県,鳴門市,34.17555556,134.6216667,3月28日,4月6日,4月13日,3月6日,ソメイヨシノ,,
830,名所,7110,///,諏訪公園,徳島県,三好市,34.02777778,133.8141667,3月29日,4月7日,4月14日,3月6日,ソメイヨシノ,,
831,名所,7120,///,津峯公園,徳島県,阿南市,33.8925,134.6480556,3月26日,4月5日,4月12日,3月6日,ソメイヨシノ,,
832,名所,7120,///,岩脇さくらづつみ公園,徳島県,阿南市,33.94333333,134.6088889,3月25日,4月4日,4月11日,3月6日,ソメイヨシノ,,
833,名所,7110,///,金竜山公園,徳島県,三好市,34.02305556,133.8769444,3月29日,4月7日,4月14日,3月6日,ソメイヨシノ,,
834,名所,7200,///,県立琴弾公園,香川県,観音寺市,34.12944444,133.6447222,3月27日,4月3日,4月10日,3月6日,ソメイヨシノ,,
835,名所,7200,///,朝日山森林公園,香川県,三豊市,34.1775,133.7622222,3月27日,4月3日,4月10日,3月6日,ソメイヨシノ,,
836,名所,7200,///,丸亀城,香川県,丸亀市,34.28111111,133.8030556,3月27日,4月3日,4月10日,3月6日,ソメイヨシノ,,
837,名所,7200,///,史跡高松城跡玉藻公園,香川県,高松市,34.34638889,134.0538889,3月28日,4月4日,4月11日,3月6日,ソメイヨシノ,,
838,名所,7200,///,飯山総合運動公園,香川県,丸亀市,34.26388889,133.8738889,3月27日,4月3日,4月10日,3月6日,ソメイヨシノ,,
839,名所,7200,///,紫雲出山,香川県,三豊市,34.24,133.5988889,3月27日,4月3日,4月10日,3月6日,ソメイヨシノ,,
840,名所,7200,///,不動の滝カントリーパーク,香川県,三豊市,34.14611111,133.6755556,3月26日,4月3日,4月10日,3月6日,ソメイヨシノ,,
841,名所,7200,///,たからだの里,香川県,三豊市,34.10666667,133.8005556,3月29日,4月5日,4月12日,3月6日,ソメイヨシノ,,
842,名所,7200,///,水辺公園,香川県,三豊市,34.12,133.0561111,3月28日,4月4日,4月11日,3月6日,ソメイヨシノ,,
843,名所,7200,///,公渕森林公園,香川県,高松市,34.23805556,134.1069444,3月26日,4月2日,4月9日,3月6日,ソメイヨシノ,,
844,名所,7200,///,県立桃陵公園,香川県,仲多度郡多度津町,34.26611111,133.75,3月27日,4月3日,4月10日,3月6日,ソメイヨシノ,,
845,名所,7200,///,栗林公園,香川県,高松市,34.32555556,134.0461111,3月27日,4月3日,4月10日,3月6日,ソメイヨシノ,,
846,名所,7200,///,金刀比羅宮,香川県,仲多度郡琴平町,34.18055556,133.8119444,3月28日,4月4日,4月11日,3月6日,ソメイヨシノ,,
847,名所,7320,///,開山公園,愛媛県,今治市,34.22583333,133.0675,3月31日,4月7日,4月14日,3月6日,ソメイヨシノ,,
848,名所,7320,///,三島公園,愛媛県,四国中央市,33.96833333,133.5616667,4月2日,4月8日,4月15日,3月6日,ソメイヨシノ,,
849,名所,7320,///,翠波高原,愛媛県,四国中央市,33.93638889,133.5411111,4月1日,4月7日,4月14日,3月6日,ソメイヨシノ,,
850,名所,7320,///,能島,愛媛県,今治市,34.17916667,133.0833333,3月31日,4月6日,4月13日,3月6日,ソメイヨシノ,,
851,名所,7320,///,西山興隆寺,愛媛県,西条市,33.90305556,133.0283333,3月30日,4月6日,4月13日,3月6日,ソメイヨシノ,,
852,名所,7320,///,すすきヶ原入野公園,愛媛県,四国中央市,33.94722222,133.42,3月28日,4月5日,4月12日,3月6日,ソメイヨシノ,,
853,名所,7320,///,滝の宮公園,愛媛県,新居浜市,33.94055556,133.2819444,3月28日,4月5日,4月12日,3月6日,ソメイヨシノ,,
854,名所,7320,///,武丈公園,愛媛県,西条市,33.90805556,133.2019444,3月28日,4月5日,4月12日,3月6日,ソメイヨシノ,,
855,名所,7330,///,南楽園(外堀),愛媛県,宇和島市,33.13333333,132.5052778,3月24日,4月2日,4月9日,3月6日,ソメイヨシノ,,
856,名所,7310,///,松山城山公園,愛媛県,松山市,33.84111111,132.7677778,3月28日,4月5日,4月12日,3月6日,ソメイヨシノ,,
857,名所,7310,///,道後公園,愛媛県,松山市,33.845,132.7886111,3月26日,4月4日,4月11日,3月6日,ソメイヨシノ,,
858,名所,7410,///,高知公園,高知県,高知市,33.5575,133.5333333,3月22日,3月27日,4月3日,3月6日,ソメイヨシノ,,
859,名所,7410,///,鏡野公園,高知県,香美市,33.61527778,133.7213889,3月23日,3月29日,4月5日,3月6日,ソメイヨシノ,,
860,名所,7430,///,久礼大坂谷川沿い,高知県,高岡郡中土佐町,33.31916667,133.2269444,3月24日,3月30日,4月6日,3月6日,ソメイヨシノ,,
861,名所,7410,///,早明浦ダム周辺,高知県,土佐郡土佐町,33.75166667,133.5505556,3月28日,4月2日,4月9日,3月6日,ソメイヨシノ,,
862,名所,7420,///,鮎乃瀬公園,高知県,安芸郡奈半利町,33.43416667,134.0302778,3月21日,3月28日,4月4日,3月6日,ソメイヨシノ,,
863,名所,7430,///,宿毛天満宮,高知県,宿毛市,32.93833333,132.7275,3月22日,3月29日,4月5日,3月6日,ソメイヨシノ,,
864,名所,7430,///,為松公園,高知県,四万十市,32.99333333,132.9322222,3月21日,3月28日,4月4日,3月6日,ソメイヨシノ,,
865,名所,7430,///,家地川公園,高知県,高岡郡四万十町,33.1575,133.0736111,3月26日,3月31日,4月7日,3月6日,ソメイヨシノ,,
866,名所,8240,///,甘木公園,福岡県,朝倉市,33.42305556,130.6683333,3月26日,4月4日,4月11日,3月6日,ソメイヨシノ,,
867,名所,8210,///,西公園,福岡県,福岡市中央区,33.59388889,130.3772222,3月24日,4月2日,4月9日,3月6日,ソメイヨシノ,,
868,名所,8240,///,延命公園,福岡県,大牟田市,33.01611111,130.4480556,3月26日,4月3日,4月10日,3月6日,ソメイヨシノ,,
869,名所,8220,///,勝山公園(小倉城),福岡県,北九州市小倉北区,33.88083333,130.8755556,3月27日,4月5日,4月12日,3月6日,ソメイヨシノ,,
870,名所,8240,///,秋月杉の馬場通り,福岡県,朝倉市,33.46555556,130.6958333,3月26日,4月4日,4月11日,3月6日,ソメイヨシノ,,
871,名所,8230,///,大将陣公園,福岡県,飯塚市,33.60277778,130.6819444,3月26日,4月4日,4月11日,3月6日,ソメイヨシノ,,
872,名所,8220,///,白野江植物公園,福岡県,北九州市門司区,33.93305556,131.0058333,3月27日,4月5日,4月12日,3月6日,ソメイヨシノ,,
873,名所,8210,///,福岡市油山市民の森,福岡県,福岡市南区,33.51333333,130.3780556,3月26日,4月4日,4月11日,3月6日,ソメイヨシノ,,
874,名所,8230,///,勝盛公園,福岡県,飯塚市,33.63972222,130.6808333,3月26日,4月4日,4月11日,3月6日,ソメイヨシノ,,
875,名所,8240,///,日向神ダムの「千本桜」,福岡県,八女郡矢部村,33.17333333,130.79,3月30日,4月7日,4月14日,3月6日,ソメイヨシノ,,
876,名所,8240,///,発心公園,福岡県,久留米市,33.31027778,130.6391667,3月30日,4月6日,4月13日,3月6日,ソメイヨシノ,,
877,名所,8210,///,宇美公園,福岡県,糟屋郡宇美町,33.56944444,130.5125,3月26日,4月4日,4月11日,3月6日,ソメイヨシノ,,
878,名所,8210,///,太宰府市民の森,福岡県,太宰府市,33.51944444,130.5208333,3月26日,4月4日,4月11日,3月6日,ソメイヨシノ,,
879,名所,8210,///,竈門神社,福岡県,太宰府市,33.52555556,130.5547222,3月26日,4月4日,4月11日,3月6日,ソメイヨシノ,,
880,名所,8240,///,久留米城跡,福岡県,久留米市,33.325,130.51,3月26日,4月4日,4月11日,3月6日,ソメイヨシノ,,
881,名所,8210,///,舞鶴公園,福岡県,福岡市中央区,33.5825,130.3852778,3月25日,4月3日,4月10日,3月6日,ソメイヨシノ,,
882,名所,8220,///,垣生公園,福岡県,中間市,33.81222222,130.7011111,3月26日,4月4日,4月11日,3月6日,ソメイヨシノ,,
883,名所,8240,///,清水公園(福岡県),福岡県,みやま市,33.14972222,130.5191667,3月26日,4月4日,4月11日,3月6日,ソメイヨシノ,,
884,名所,8510,///,小城公園,佐賀県,小城市,33.28583333,130.1980556,3月24日,4月1日,4月8日,3月6日,ソメイヨシノ,,
885,名所,8510,///,旭ヶ岡公園,佐賀県,鹿島市,33.1,130.0955556,3月25日,4月1日,4月8日,3月6日,ソメイヨシノ,,
886,名所,8520,///,鏡山,佐賀県,唐津市,33.42611111,130.0263889,3月25日,4月1日,4月8日,3月6日,ソメイヨシノ,,
887,名所,8520,///,唐津城(舞鶴公園),佐賀県,唐津市,33.45,129.9805556,3月25日,4月1日,4月8日,3月6日,ソメイヨシノ,,
888,名所,8510,///,桜街道,佐賀県,神埼市,33.36138889,130.3402778,3月27日,4月3日,4月10日,3月6日,ソメイヨシノ,,
889,名所,8520,///,陶山神社,佐賀県,西松浦郡有田町,33.18527778,129.9013889,3月27日,4月2日,4月9日,3月6日,ソメイヨシノ,,
890,名所,8520,///,名護屋城跡,佐賀県,唐津市,33.52722222,129.8711111,3月26日,4月1日,4月8日,3月6日,ソメイヨシノ,,
891,名所,8510,///,西渓公園,佐賀県,多久市,33.25333333,130.0916667,3月26日,4月1日,4月8日,3月6日,ソメイヨシノ,,
892,名所,8510,///,日の隈公園,佐賀県,神埼市,33.32777778,130.3547222,3月24日,3月31日,4月7日,3月6日,ソメイヨシノ,,
893,名所,8510,///,御船山楽園,佐賀県,武雄市武雄町,33.18166667,130.0169444,3月25日,4月1日,4月8日,3月6日,ソメイヨシノ,,
894,名所,8410,///,大村公園,長崎県,大村市,32.89388889,129.9575,3月24日,4月1日,4月8日,3月6日,ソメイヨシノ,,
895,名所,8420,///,西海橋公園,長崎県,佐世保市,33.05138889,129.7608333,3月24日,4月1日,4月8日,3月6日,ソメイヨシノ,,
896,名所,8410,///,島原城,長崎県,島原市,32.78638889,130.3691667,3月25日,4月2日,4月9日,3月6日,ソメイヨシノ,,
897,名所,8420,///,亀岡公園,長崎県,平戸市,33.36361111,129.5588889,3月25日,4月2日,4月9日,3月6日,ソメイヨシノ,,
898,名所,8420,///,大山公園,長崎県,松浦市,33.3775,129.8319444,3月24日,4月2日,4月9日,3月6日,ソメイヨシノ,,
899,名所,8410,///,権現山展望公園,長崎県,長崎市,32.57611111,129.7430556,3月23日,3月31日,4月7日,3月6日,ソメイヨシノ,,
900,名所,8410,///,橘公園,長崎県,雲仙市,32.78277778,130.2094444,3月25日,4月2日,4月9日,3月6日,ソメイヨシノ,,
901,名所,8410,///,原城跡,長崎県,南島原市,32.62972222,130.2586111,3月23日,3月31日,4月7日,3月6日,ソメイヨシノ,,
902,名所,8410,///,とけん山公園,長崎県,雲仙市,32.72222222,130.2138889,3月24日,4月2日,4月9日,3月6日,ソメイヨシノ,,
903,名所,8410,///,眉山治山祈念公苑,長崎県,島原市,32.77166667,130.3605556,3月25日,4月2日,4月9日,3月6日,ソメイヨシノ,,
904,名所,8640,///,市房ダム湖周辺,熊本県,球磨郡水上村,32.31861111,131.0163889,3月27日,4月4日,4月11日,3月6日,ソメイヨシノ,,
905,名所,8630,///,湯の児チェリーライン,熊本県,水俣市,32.22861111,130.4158333,3月23日,4月1日,4月8日,3月6日,ソメイヨシノ,,
906,名所,8610,///,熊本城,熊本県,熊本市,32.8025,130.7080556,3月24日,4月2日,4月9日,3月6日,ソメイヨシノ,,
907,名所,8610,///,立岡自然公園,熊本県,宇土市,32.67361111,130.6958333,3月23日,4月2日,4月9日,3月6日,ソメイヨシノ,,
908,名所,8610,///,蛇ヶ谷公園,熊本県,玉名市,32.94333333,130.5505556,3月25日,4月3日,4月10日,3月6日,ソメイヨシノ,,
909,名所,8610,///,菊池公園,熊本県,菊池市,32.98277778,130.8211111,3月26日,4月4日,4月11日,3月6日,ソメイヨシノ,,
910,名所,8640,///,人吉城跡,熊本県,人吉市,32.20777778,130.7683333,3月24日,4月2日,4月9日,3月6日,ソメイヨシノ,,
911,名所,8610,///,岡岳公園,熊本県,宇城市,32.655,130.6808333,3月24日,4月2日,4月9日,3月6日,ソメイヨシノ,,
912,名所,8610,///,健軍自衛隊通り,熊本県,熊本市,32.77861111,130.7633333,3月24日,4月2日,4月9日,3月6日,ソメイヨシノ,,
913,名所,8610,///,大津山公園,熊本県,玉名郡南関町,33.06611111,130.5572222,3月26日,4月4日,4月11日,3月6日,ソメイヨシノ,,
914,名所,8610,///,桜ヶ丘グラウンド,熊本県,八代郡氷川町,32.54861111,130.6875,3月23日,4月2日,4月9日,3月6日,ソメイヨシノ,,
915,名所,8610,///,田原坂公園,熊本県,鹿本郡植木町,32.90944444,130.6530556,3月24日,4月2日,4月9日,3月6日,ソメイヨシノ,,
916,名所,8330,///,岡城跡,大分県,竹田市,32.96555556,131.4097222,3月28日,4月5日,4月12日,3月6日,ソメイヨシノ,,
917,名所,8310,///,城下公園,大分県,速見郡日出町,33.36305556,131.5341667,3月27日,4月5日,4月12日,3月6日,ソメイヨシノ,,
918,名所,8310,///,大分城址公園　外苑,大分県,大分市,33.23666667,131.6138889,3月27日,4月5日,4月12日,3月6日,ソメイヨシノ,,
919,名所,8310,///,不動尊一心寺,大分県,大分市,33.16027778,131.5555556,3月29日,4月6日,4月13日,3月6日,ソメイヨシノ,,
920,名所,8310,///,上野ヶ丘墓地公園,大分県,大分市,33.22138889,131.6097222,3月27日,4月4日,4月11日,3月6日,ソメイヨシノ,,
921,名所,8310,///,大分県護国神社,大分県,大分市,33.23555556,131.6494444,3月28日,4月5日,4月12日,3月6日,ソメイヨシノ,,
922,名所,8310,///,ハーモニーランド,大分県,速見郡日出町,33.4,131.5466667,3月30日,4月7日,4月14日,3月6日,ソメイヨシノ,,
923,名所,8330,///,亀山公園,大分県,日田市,33.31083333,130.9308333,3月27日,4月4日,4月11日,3月6日,ソメイヨシノ,,
924,名所,8310,///,平和市民公園,大分県,大分市,33.24,131.6386111,3月27日,4月5日,4月12日,3月6日,ソメイヨシノ,,
925,名所,8310,///,臼杵城址,大分県,臼杵市,33.11805556,131.8055556,3月27日,4月5日,4月12日,3月6日,ソメイヨシノ,,
926,名所,8730,///,母智丘公園,宮崎県,都城市,31.74611111,131.0127778,3月22日,4月1日,4月8日,3月6日,ソメイヨシノ,,
927,名所,8710,///,垂水公園,宮崎県,宮崎市,31.98694444,131.4080556,3月22日,4月1日,4月8日,3月6日,ソメイヨシノ,,
928,名所,8710,///,串間市総合運動公園,宮崎県,串間市,31.46555556,131.2216667,3月23日,4月2日,4月9日,3月6日,ソメイヨシノ,,
929,名所,8720,///,西都原古墳群,宮崎県,西都市,32.11194444,131.3961111,3月22日,4月1日,4月8日,3月6日,ソメイヨシノ,,
930,名所,8710,///,久峰総合公園,宮崎県,宮崎市,32.01861111,131.4616667,3月23日,4月2日,4月9日,3月6日,ソメイヨシノ,,
931,名所,8710,///,花立公園,宮崎県,日南市,31.70694444,131.3633333,3月22日,4月1日,4月8日,3月6日,ソメイヨシノ,,
932,名所,8740,///,天岩戸温泉,宮崎県,西臼杵郡高千穂町,32.72194444,131.3477778,3月19日,3月30日,4月6日,3月6日,ソメイヨシノ,,
933,名所,8730,///,観音池公園,宮崎県,都城市,31.82305556,131.1383333,3月21日,4月1日,4月8日,3月6日,ソメイヨシノ,,
934,名所,8720,///,延岡城址　城山公園,宮崎県,延岡市,32.5775,131.6652778,3月22日,4月1日,4月8日,3月6日,ソメイヨシノ,,
935,名所,8710,///,綾馬事公苑,宮崎県,東諸県郡綾町,32.00055556,131.2438889,3月22日,4月1日,4月8日,3月6日,ソメイヨシノ,,
936,名所,8720,///,舞鶴公園(宮崎県),宮崎県,児湯郡高鍋町,32.11944444,131.5038889,3月22日,4月2日,4月9日,3月6日,ソメイヨシノ,,
937,名所,8720,///,遠見山,宮崎県,東臼杵郡門川町,32.48527778,131.7091667,3月22日,4月1日,4月8日,3月6日,ソメイヨシノ,,
938,名所,8810,///,名勝　仙巌園(磯庭園),鹿児島県,鹿児島市,31.61527778,130.5825,3月22日,3月30日,4月6日,3月6日,ソメイヨシノ,,
939,名所,8820,///,大隅湖　アジア・太平洋農村研修村,鹿児島県,鹿屋市,31.50527778,130.8611111,3月21日,3月30日,4月6日,3月6日,ソメイヨシノ,,
940,名所,8810,///,忠元公園,鹿児島県,伊佐市,32.045,130.6175,3月19日,3月28日,4月4日,3月6日,ソメイヨシノ,,
941,名所,8810,///,霧島神宮,鹿児島県,霧島市,31.855,130.8738889,3月19日,3月28日,4月4日,3月6日,ソメイヨシノ,,
942,名所,8810,///,城山公園,鹿児島県,霧島市,31.7375,130.7844444,3月22日,3月30日,4月6日,3月6日,ソメイヨシノ,,
943,名所,8820,///,花瀬自然公園,鹿児島県,肝属郡錦江町,31.16277778,130.8538889,3月21日,3月29日,4月5日,3月6日,ソメイヨシノ,,
944,名所,8810,///,高岡公園,鹿児島県,姶良郡加治木町,31.75305556,130.6583333,3月22日,3月30日,4月6日,3月6日,ソメイヨシノ,,
945,名所,8810,///,寺山いこいの広場,鹿児島県,薩摩川内市,31.82333333,130.3427778,3月20日,3月29日,4月5日,3月6日,ソメイヨシノ,,
946,名所,8810,///,霧島神話の里公園,鹿児島県,霧島市,31.86,130.8533333,3月20日,3月28日,4月4日,3月6日,ソメイヨシノ,,
947,名所,8810,///,鹿児島市平川動物公園,鹿児島県,鹿児島市,31.46,130.5047222,3月22日,3月30日,4月6日,3月6日,ソメイヨシノ,,
948,名所,8810,///,魚見岳,鹿児島県,指宿市,31.25861111,130.6566667,3月22日,3月30日,4月6日,3月6日,ソメイヨシノ,,
949,名所,8810,///,霧島市溝辺上床運動公園,鹿児島県,霧島市,31.82166667,130.6880556,3月20日,3月29日,4月5日,3月6日,ソメイヨシノ,,
950,名所,3610,///,三春滝桜,福島県,田村郡三春町,37.418893,140.433323,4月15日,4月19日,4月26日,3月6日,ベニシダレザクラ,,
951,名所,4830,///,高遠城址公園,長野県,伊那市,35.833236,138.062318,4月8日,4月14日,4月21日,3月6日,コヒガンザクラ,,
952,名所,5210,///,根尾谷淡墨桜,岐阜県,本巣市,35.632227,136.608823,4月5日,4月10日,4月17日,3月6日,エドヒガン,,
953,名所,6410,///,吉野山下千本,奈良県,吉野郡吉野町,34.375136,135.853921,4月3日,4月8日,4月15日,3月6日,シロヤマザクラ,,
954,名所,6410,///,吉野山中千本,奈良県,吉野郡吉野町,34.36739,135.862054,4月5日,4月9日,4月16日,3月6日,シロヤマザクラ,,
955,名所,6410,///,吉野山上千本,奈良県,吉野郡吉野町,34.353955,135.873174,1月0日,1月0日,1月7日,3月6日,シロヤマザクラ,,
956,名所,6410,///,吉野山奥千本,奈良県,吉野郡吉野町,34.342594,135.881814,1月0日,1月0日,1月7日,3月6日,シロヤマザクラ,,
957,名所,3620,///,小名浜,福島県,いわき市,36.947868,140.903346,3月31日,4月6日,4月13日,3月6日,ソメイヨシノ,,
958,名所,1800,///,根室,北海道,根室市,43.330865,145.585582,5月11日,5月18日,5月25日,3月6日,チシマザクラ,,
959,名所,3310,///,明治百年記念造園地,岩手県,八幡平市,39.917581,141.000869,4月23日,4月28日,5月5日,3月6日,ソメイヨシノ,,
960,名所,3320,///,宮古市,岩手県,宮古市,39.641256,141.956823,4月12日,4月17日,4月24日,3月6日,ソメイヨシノ,,
961,名所,3320,///,巽山公園,岩手県,久慈市,40.189059,141.767396,4月15日,4月20日,4月27日,3月6日,ソメイヨシノ,,
962,名所,3120,///,早掛沼公園,青森県,むつ市,41.314159,141.2232,4月14日,4月17日,4月24日,3月6日,ソメイヨシノ,,
963,名所,3130,///,館鼻公園,青森県,八戸市,40.528414,141.521756,4月20日,4月24日,5月1日,3月6日,ソメイヨシノ,,
964,名所,3210,///,能代公園,秋田県,能代市,40.212669,140.018776,4月15日,4月20日,4月27日,3月6日,ソメイヨシノ,,
965,名所,3220,///,桜山公園,秋田県,鹿角市,40.198342,140.80134,4月22日,4月28日,5月5日,3月6日,ソメイヨシノ,,
966,名所,3220,///,大森公園,秋田県,横手市,39.348403,140.434535,4月18日,4月23日,4月30日,3月6日,ソメイヨシノ,,
967,名所,3620,///,御幸山公園,福島県,いわき市,37.005567,140.84731,4月2日,4月7日,4月14日,3月6日,ソメイヨシノ,,